Employee ID,Survey Date,Engagement Score,Satisfaction Score,Work-Life Balance Score
1001,10-10-2022,2,5,5
1002,03-08-2023,4,5,3
1003,03-01-2023,2,5,2
1004,30-07-2023,3,5,3
1005,19-06-2023,2,4,5
1006,03-05-2023,5,2,1
1007,18-07-2023,2,1,5
1008,21-06-2023,5,2,2
1009,06-06-2023,2,5,1
1010,15-09-2022,2,4,2
1011,08-12-2022,1,2,3
1012,13-01-2023,3,5,4
1013,13-12-2022,5,4,3
1014,28-06-2023,4,4,1
1015,11-07-2023,1,1,3
1016,09-12-2022,2,3,2
1017,16-07-2023,4,1,3
1018,21-06-2023,4,1,4
1019,21-06-2023,1,3,5
1020,01-08-2023,2,1,2
1021,09-03-2023,5,1,4
1022,12-02-2023,1,4,4
1023,17-01-2023,4,4,3
1024,12-10-2022,5,3,1
1025,24-01-2023,4,1,4
1026,09-10-2022,5,2,5
1027,05-04-2023,2,3,5
1028,26-03-2023,5,5,4
1029,07-11-2022,3,5,4
1030,03-01-2023,4,4,1
1031,27-02-2023,5,3,2
1032,22-05-2023,5,4,4
1033,02-07-2023,3,1,3
1034,09-07-2023,2,5,1
1035,19-07-2023,1,5,5
1036,09-08-2022,5,2,1
1037,25-11-2022,5,1,4
1038,10-03-2023,5,1,2
1039,03-12-2022,2,4,5
1040,27-09-2022,5,3,1
1041,19-01-2023,3,1,4
1042,17-02-2023,1,3,4
1043,25-02-2023,1,1,3
1044,26-11-2022,2,4,5
1045,08-08-2022,1,4,1
1046,18-02-2023,3,5,4
1047,12-05-2023,4,2,3
1048,19-10-2022,3,1,4
1049,27-07-2023,3,5,2
1050,03-07-2023,4,5,1
1051,01-01-2023,2,4,5
1052,19-11-2022,1,4,4
1053,12-10-2022,2,1,4
1054,05-07-2023,1,5,2
1055,23-09-2022,3,4,1
1056,17-01-2023,4,2,2
1057,12-03-2023,3,2,5
1058,06-03-2023,4,2,1
1059,29-03-2023,4,3,3
1060,01-07-2023,5,5,4
1061,05-02-2023,3,3,1
1062,03-01-2023,3,2,1
1063,25-07-2023,5,2,4
1064,14-12-2022,5,4,4
1065,20-01-2023,5,3,4
1066,15-07-2023,4,3,5
1067,10-06-2023,3,2,5
1068,09-10-2022,3,2,2
1069,04-02-2023,3,1,2
1070,05-03-2023,3,1,2
1071,15-05-2023,1,2,2
1072,18-02-2023,2,2,3
1073,16-02-2023,4,4,2
1074,10-02-2023,3,4,1
1075,10-04-2023,1,2,3
1076,11-04-2023,1,3,1
1077,12-10-2022,5,2,4
1078,28-07-2023,3,3,4
1079,08-10-2022,2,2,1
1080,04-03-2023,3,1,3
1081,03-03-2023,1,3,3
1082,27-02-2023,1,4,1
1083,09-01-2023,5,5,3
1084,19-02-2023,1,2,4
1085,09-01-2023,5,5,3
1086,14-03-2023,1,1,5
1087,03-05-2023,1,5,2
1088,20-04-2023,4,3,1
1089,19-04-2023,3,1,5
1090,16-05-2023,4,3,4
1091,22-04-2023,2,4,3
1092,08-03-2023,1,4,1
1093,05-03-2023,3,1,4
1094,22-01-2023,5,4,5
1095,17-03-2023,1,2,1
1096,17-12-2022,1,3,2
1097,31-10-2022,1,2,5
1098,28-12-2022,2,2,2
1099,04-08-2023,1,5,5
1100,10-09-2022,1,4,5
1101,21-03-2023,1,1,3
1102,02-03-2023,5,1,4
1103,06-11-2022,5,3,1
1104,21-12-2022,1,4,2
1105,15-02-2023,1,4,1
1106,31-01-2023,2,3,3
1107,18-10-2022,4,5,1
1108,24-07-2023,4,5,3
1109,16-10-2022,4,5,4
1110,23-02-2023,1,1,4
1111,11-05-2023,4,1,1
1112,06-07-2023,4,1,1
1113,09-04-2023,3,3,5
1114,03-03-2023,1,3,3
1115,11-03-2023,4,1,3
1116,16-12-2022,3,4,4
1117,29-07-2023,4,5,1
1118,22-02-2023,1,5,3
1119,16-04-2023,4,4,5
1120,05-06-2023,3,3,4
1121,21-01-2023,1,1,4
1122,04-12-2022,2,1,2
1123,10-06-2023,2,3,1
1124,27-02-2023,3,2,3
1125,17-03-2023,4,3,4
1126,23-04-2023,3,3,2
1127,27-01-2023,5,1,3
1128,18-02-2023,4,2,4
1129,31-10-2022,1,1,1
1130,07-05-2023,1,5,4
1131,11-05-2023,4,4,4
1132,15-07-2023,1,5,5
1133,15-06-2023,1,2,4
1134,29-12-2022,4,1,2
1135,23-02-2023,5,4,4
1136,09-04-2023,2,5,2
1137,12-11-2022,3,3,5
1138,19-10-2022,4,5,1
1139,27-08-2022,2,4,2
1140,04-05-2023,5,3,2
1141,26-12-2022,5,5,2
1142,21-06-2023,4,4,4
1143,13-12-2022,2,4,2
1144,03-11-2022,5,3,2
1145,24-10-2022,3,3,4
1146,21-09-2022,3,2,2
1147,19-03-2023,1,3,5
1148,02-04-2023,4,1,3
1149,03-11-2022,3,2,5
1150,28-12-2022,3,4,4
1151,12-12-2022,5,3,1
1152,14-12-2022,1,1,5
1153,28-02-2023,3,4,2
1154,09-06-2023,1,3,2
1155,25-08-2022,2,3,1
1156,12-05-2023,1,5,2
1157,06-06-2023,1,4,2
1158,17-03-2023,2,4,4
1159,18-02-2023,1,2,4
1160,20-08-2022,4,2,3
1161,09-04-2023,3,4,4
1162,05-10-2022,3,3,2
1163,14-12-2022,1,2,3
1164,23-10-2022,5,5,5
1165,09-01-2023,3,3,1
1166,27-02-2023,2,1,4
1167,22-05-2023,2,3,4
1168,28-08-2022,2,2,2
1169,03-08-2023,1,3,2
1170,05-02-2023,1,5,4
1171,24-06-2023,4,1,4
1172,19-06-2023,1,3,2
1173,16-06-2023,5,5,2
1174,06-03-2023,2,1,5
1175,22-04-2023,2,1,2
1176,17-10-2022,2,2,5
1177,12-08-2022,2,2,5
1178,03-05-2023,2,1,2
1179,10-07-2023,3,5,1
1180,15-05-2023,4,3,1
1181,05-07-2023,5,5,4
1182,25-08-2022,2,4,5
1183,07-03-2023,4,5,5
1184,03-10-2022,1,3,1
1185,13-08-2022,1,2,4
1186,12-05-2023,3,3,5
1187,19-11-2022,4,1,1
1188,16-07-2023,4,1,1
1189,19-07-2023,5,5,3
1190,07-04-2023,2,5,3
1191,13-07-2023,4,4,4
1192,24-12-2022,3,1,1
1193,15-08-2022,5,2,3
1194,04-12-2022,5,4,2
1195,30-01-2023,5,3,2
1196,02-06-2023,4,5,4
1197,09-11-2022,3,5,4
1198,12-12-2022,3,2,2
1199,27-06-2023,3,3,3
1200,19-04-2023,4,5,1
1201,23-02-2023,2,4,4
1202,14-08-2022,1,3,2
1203,03-10-2022,3,5,3
1204,22-06-2023,1,4,3
1205,07-04-2023,2,1,2
1206,17-10-2022,3,4,2
1207,06-08-2022,2,1,2
1208,18-08-2022,5,1,5
1209,28-05-2023,1,3,1
1210,24-10-2022,4,5,1
1211,16-03-2023,3,3,1
1212,31-01-2023,4,5,4
1213,28-09-2022,1,2,4
1214,02-06-2023,1,5,3
1215,25-10-2022,2,1,5
1216,09-09-2022,4,1,1
1217,23-08-2022,5,5,1
1218,27-02-2023,2,3,1
1219,17-07-2023,2,2,2
1220,08-05-2023,5,2,4
1221,17-08-2022,5,5,3
1222,31-03-2023,5,2,1
1223,07-05-2023,4,1,4
1224,20-05-2023,4,2,3
1225,05-11-2022,1,2,4
1226,04-04-2023,4,5,4
1227,12-12-2022,1,2,2
1228,21-01-2023,2,5,3
1229,20-05-2023,4,2,5
1230,30-11-2022,5,4,4
1231,13-03-2023,2,2,1
1232,22-08-2022,2,1,5
1233,01-05-2023,5,5,3
1234,11-12-2022,4,1,5
1235,23-03-2023,5,5,3
1236,25-07-2023,1,4,1
1237,11-07-2023,4,3,1
1238,29-12-2022,1,3,3
1239,07-10-2022,4,5,5
1240,02-08-2023,1,4,3
1241,16-01-2023,4,4,3
1242,28-07-2023,4,4,1
1243,04-05-2023,5,2,3
1244,17-08-2022,2,3,5
1245,23-09-2022,3,5,5
1246,12-01-2023,4,3,2
1247,13-11-2022,2,4,5
1248,05-12-2022,5,3,2
1249,22-12-2022,2,4,2
1250,26-04-2023,4,5,1
1251,03-12-2022,5,5,3
1252,10-06-2023,2,3,2
1253,10-01-2023,2,4,2
1254,18-06-2023,3,1,5
1255,03-11-2022,3,1,1
1256,24-10-2022,4,4,2
1257,19-07-2023,2,1,1
1258,16-04-2023,3,5,4
1259,17-10-2022,1,3,4
1260,21-02-2023,5,2,5
1261,13-07-2023,2,5,4
1262,16-12-2022,3,4,1
1263,24-01-2023,4,5,3
1264,21-04-2023,3,5,4
1265,28-06-2023,4,2,5
1266,29-03-2023,1,3,1
1267,25-04-2023,4,1,5
1268,18-04-2023,2,1,2
1269,19-09-2022,1,2,4
1270,16-03-2023,5,5,1
1271,13-01-2023,3,1,5
1272,31-10-2022,4,2,3
1273,26-02-2023,1,4,2
1274,19-03-2023,2,1,5
1275,19-08-2022,2,5,3
1276,01-06-2023,1,4,5
1277,01-08-2023,4,3,3
1278,28-05-2023,2,4,5
1279,11-10-2022,3,3,5
1280,12-11-2022,3,2,2
1281,31-05-2023,4,2,1
1282,04-10-2022,3,3,1
1283,19-11-2022,2,1,2
1284,24-11-2022,5,1,5
1285,05-07-2023,3,2,2
1286,13-04-2023,1,5,1
1287,30-07-2023,3,5,2
1288,15-07-2023,2,4,5
1289,09-05-2023,5,3,1
1290,12-04-2023,5,4,2
1291,24-05-2023,5,4,5
1292,21-03-2023,1,4,3
1293,15-03-2023,2,3,2
1294,03-08-2023,5,4,2
1295,18-02-2023,3,3,3
1296,07-02-2023,1,1,5
1297,10-08-2022,2,4,4
1298,06-12-2022,1,2,1
1299,02-07-2023,1,2,2
1300,07-10-2022,1,3,1
1301,21-01-2023,1,4,2
1302,04-06-2023,1,2,4
1303,01-01-2023,5,3,5
1304,11-04-2023,3,5,1
1305,22-02-2023,2,5,2
1306,12-11-2022,1,3,5
1307,18-11-2022,1,5,1
1308,28-08-2022,4,5,2
1309,07-09-2022,1,1,3
1310,24-04-2023,3,4,3
1311,09-03-2023,5,2,3
1312,25-09-2022,2,5,2
1313,18-07-2023,5,4,1
1314,28-03-2023,5,5,3
1315,29-11-2022,5,1,1
1316,20-07-2023,3,4,3
1317,05-05-2023,4,2,2
1318,21-05-2023,5,4,2
1319,14-06-2023,4,2,5
1320,12-01-2023,5,1,5
1321,30-04-2023,1,5,5
1322,17-01-2023,1,5,2
1323,02-05-2023,5,1,5
1324,16-11-2022,5,3,3
1325,17-12-2022,1,5,3
1326,04-03-2023,5,3,1
1327,23-03-2023,5,3,4
1328,07-11-2022,1,4,3
1329,23-05-2023,3,2,5
1330,25-09-2022,3,5,2
1331,16-05-2023,3,2,5
1332,13-04-2023,1,2,5
1333,29-01-2023,3,4,5
1334,21-12-2022,1,3,1
1335,09-10-2022,4,5,5
1336,09-03-2023,5,1,4
1337,01-11-2022,3,3,4
1338,20-10-2022,1,1,1
1339,02-12-2022,1,3,2
1340,28-05-2023,5,4,4
1341,15-05-2023,1,3,4
1342,20-12-2022,3,2,2
1343,07-09-2022,1,2,3
1344,23-08-2022,1,4,5
1345,28-08-2022,2,4,4
1346,28-04-2023,4,2,3
1347,28-02-2023,4,3,1
1348,01-11-2022,2,2,4
1349,21-04-2023,1,2,3
1350,05-03-2023,3,4,5
1351,18-01-2023,4,1,5
1352,03-06-2023,4,2,1
1353,11-10-2022,5,1,5
1354,21-06-2023,4,4,2
1355,28-01-2023,2,2,3
1356,14-08-2022,1,1,1
1357,30-01-2023,1,4,3
1358,25-02-2023,1,2,5
1359,09-01-2023,4,5,1
1360,31-03-2023,5,2,1
1361,30-03-2023,1,3,2
1362,11-01-2023,5,2,5
1363,19-06-2023,5,2,2
1364,03-05-2023,2,2,4
1365,08-10-2022,5,1,2
1366,17-08-2022,1,4,2
1367,20-07-2023,1,4,3
1368,04-10-2022,2,2,2
1369,08-03-2023,2,4,3
1370,19-07-2023,1,2,1
1371,19-05-2023,1,1,2
1372,30-07-2023,3,1,4
1373,12-06-2023,1,2,5
1374,08-02-2023,5,5,4
1375,28-09-2022,1,3,2
1376,12-06-2023,4,3,5
1377,05-03-2023,5,5,4
1378,03-02-2023,1,4,5
1379,28-02-2023,5,2,5
1380,27-12-2022,1,1,2
1381,10-07-2023,2,2,1
1382,30-11-2022,2,1,1
1383,02-09-2022,4,1,5
1384,05-05-2023,2,3,4
1385,11-09-2022,3,1,3
1386,18-03-2023,2,4,5
1387,29-03-2023,5,1,2
1388,15-07-2023,5,2,4
1389,25-02-2023,4,4,3
1390,23-01-2023,2,3,4
1391,11-08-2022,4,1,1
1392,19-09-2022,4,4,3
1393,17-06-2023,4,4,4
1394,07-07-2023,1,2,2
1395,31-05-2023,4,1,2
1396,07-07-2023,2,1,3
1397,31-03-2023,3,2,3
1398,07-04-2023,1,1,1
1399,07-03-2023,1,4,4
1400,17-05-2023,2,3,3
1401,04-11-2022,2,5,3
1402,13-07-2023,2,4,4
1403,25-12-2022,1,3,2
1404,18-02-2023,1,2,2
1405,29-04-2023,3,3,3
1406,15-05-2023,4,1,5
1407,16-02-2023,3,3,1
1408,07-06-2023,3,3,3
1409,17-05-2023,2,2,1
1410,02-04-2023,2,2,4
1411,25-06-2023,5,4,5
1412,16-06-2023,4,3,5
1413,31-10-2022,4,3,2
1414,13-08-2022,1,4,4
1415,16-09-2022,2,2,1
1416,11-05-2023,5,4,3
1417,31-12-2022,3,5,2
1418,25-11-2022,2,1,3
1419,11-02-2023,4,2,1
1420,12-06-2023,1,2,4
1421,03-09-2022,3,5,5
1422,10-04-2023,1,5,2
1423,23-03-2023,2,5,5
1424,03-09-2022,4,4,5
1425,06-09-2022,2,3,1
1426,11-07-2023,4,5,5
1427,09-02-2023,1,2,3
1428,04-06-2023,3,5,2
1429,23-03-2023,1,4,3
1430,15-09-2022,2,2,2
1431,28-10-2022,2,1,1
1432,13-10-2022,4,3,4
1433,06-08-2022,5,1,3
1434,21-10-2022,1,2,3
1435,23-03-2023,4,2,3
1436,09-07-2023,1,2,2
1437,06-01-2023,4,5,5
1438,21-01-2023,1,4,1
1439,29-11-2022,3,1,3
1440,02-11-2022,3,1,4
1441,07-04-2023,1,1,5
1442,11-01-2023,2,4,2
1443,12-06-2023,5,2,3
1444,21-12-2022,5,5,3
1445,17-11-2022,2,2,4
1446,15-06-2023,1,1,5
1447,17-08-2022,4,4,1
1448,23-10-2022,1,1,3
1449,11-08-2022,4,2,2
1450,22-04-2023,5,1,2
1451,27-12-2022,4,3,4
1452,14-08-2022,4,4,5
1453,12-09-2022,1,5,1
1454,28-07-2023,2,2,1
1455,04-07-2023,2,2,4
1456,31-08-2022,2,1,5
1457,02-07-2023,2,1,1
1458,06-02-2023,2,2,4
1459,10-09-2022,5,2,5
1460,23-02-2023,2,3,1
1461,09-04-2023,1,1,2
1462,31-08-2022,4,5,5
1463,13-03-2023,5,4,5
1464,04-07-2023,2,5,1
1465,02-06-2023,1,1,3
1466,05-12-2022,1,4,5
1467,13-08-2022,3,4,2
1468,21-04-2023,3,1,3
1469,23-02-2023,4,2,4
1470,21-03-2023,1,4,1
1471,23-12-2022,3,4,2
1472,02-09-2022,2,4,1
1473,11-12-2022,5,2,1
1474,22-09-2022,2,1,3
1475,25-07-2023,2,3,3
1476,21-12-2022,1,4,1
1477,24-02-2023,5,5,3
1478,22-11-2022,1,1,3
1479,23-08-2022,3,4,2
1480,16-02-2023,5,1,4
1481,24-07-2023,3,5,3
1482,23-04-2023,1,1,1
1483,19-08-2022,3,5,4
1484,25-12-2022,5,2,1
1485,14-12-2022,1,2,1
1486,05-03-2023,5,5,2
1487,20-05-2023,4,4,2
1488,14-03-2023,2,2,4
1489,13-10-2022,3,5,2
1490,06-03-2023,2,3,4
1491,29-03-2023,1,3,3
1492,17-04-2023,4,5,2
1493,06-12-2022,2,2,4
1494,06-05-2023,5,5,5
1495,30-12-2022,3,3,4
1496,09-07-2023,2,3,3
1497,29-07-2023,5,4,5
1498,28-12-2022,1,5,3
1499,28-11-2022,4,2,3
1500,24-07-2023,1,4,4
1501,08-05-2023,5,4,4
1502,08-06-2023,5,3,5
1503,24-10-2022,2,2,4
1504,23-10-2022,5,3,2
1505,02-11-2022,2,5,4
1506,08-05-2023,2,3,2
1507,19-01-2023,1,2,1
1508,07-10-2022,4,3,2
1509,25-09-2022,5,1,3
1510,06-04-2023,2,3,3
1511,17-09-2022,2,3,2
1512,18-04-2023,4,5,2
1513,18-11-2022,5,3,5
1514,08-05-2023,1,3,2
1515,14-12-2022,2,3,1
1516,16-07-2023,1,5,3
1517,22-01-2023,4,5,3
1518,28-09-2022,4,4,2
1519,25-02-2023,1,3,1
1520,05-04-2023,2,2,5
1521,11-06-2023,4,1,3
1522,03-12-2022,3,4,5
1523,20-09-2022,4,4,3
1524,17-01-2023,4,1,2
1525,29-10-2022,2,4,1
1526,20-01-2023,2,3,3
1527,02-06-2023,1,1,3
1528,25-02-2023,5,5,2
1529,28-04-2023,3,1,3
1530,31-10-2022,1,2,3
1531,23-08-2022,5,5,3
1532,04-08-2023,5,2,2
1533,27-06-2023,1,3,2
1534,12-08-2022,1,1,5
1535,08-12-2022,4,2,1
1536,19-03-2023,5,3,5
1537,06-08-2022,5,2,4
1538,11-11-2022,2,4,5
1539,22-01-2023,4,4,5
1540,24-01-2023,2,4,2
1541,26-12-2022,1,4,1
1542,31-07-2023,5,4,4
1543,07-01-2023,4,1,1
1544,20-06-2023,5,1,5
1545,21-08-2022,2,4,2
1546,26-05-2023,3,1,5
1547,24-09-2022,4,4,4
1548,14-06-2023,1,4,4
1549,07-07-2023,2,3,1
1550,04-03-2023,2,3,3
1551,08-07-2023,4,4,2
1552,31-05-2023,3,2,4
1553,12-01-2023,3,1,5
1554,08-06-2023,1,3,3
1555,19-12-2022,5,1,2
1556,07-10-2022,4,5,2
1557,19-08-2022,4,1,2
1558,09-10-2022,3,5,2
1559,04-02-2023,3,1,3
1560,23-01-2023,1,2,4
1561,01-04-2023,5,1,3
1562,21-04-2023,3,2,1
1563,23-04-2023,1,4,3
1564,20-12-2022,4,1,4
1565,16-06-2023,5,4,5
1566,25-07-2023,1,4,1
1567,12-04-2023,4,2,4
1568,04-10-2022,1,2,3
1569,08-03-2023,1,3,1
1570,07-08-2022,1,4,5
1571,04-06-2023,3,2,4
1572,17-10-2022,2,4,3
1573,10-06-2023,1,1,3
1574,10-06-2023,4,3,2
1575,16-11-2022,2,3,2
1576,07-05-2023,5,2,3
1577,29-03-2023,5,2,1
1578,03-02-2023,5,5,1
1579,15-04-2023,1,3,1
1580,23-04-2023,1,1,5
1581,11-12-2022,1,3,5
1582,04-11-2022,2,1,5
1583,27-06-2023,3,3,3
1584,18-03-2023,4,1,4
1585,23-12-2022,5,4,4
1586,16-07-2023,3,3,4
1587,27-06-2023,4,5,3
1588,21-07-2023,1,5,5
1589,26-04-2023,2,1,1
1590,20-04-2023,5,1,3
1591,10-05-2023,4,3,1
1592,06-06-2023,1,1,4
1593,02-10-2022,1,4,1
1594,08-12-2022,1,1,4
1595,12-01-2023,3,4,3
1596,10-02-2023,4,4,1
1597,23-07-2023,2,1,4
1598,28-05-2023,2,5,5
1599,13-09-2022,4,5,2
1600,28-04-2023,5,3,2
1601,05-01-2023,4,2,5
1602,01-04-2023,2,1,3
1603,31-08-2022,2,5,1
1604,28-01-2023,1,5,1
1605,08-05-2023,2,3,3
1606,28-06-2023,5,4,3
1607,18-03-2023,3,5,5
1608,11-12-2022,2,4,3
1609,13-04-2023,5,5,4
1610,23-10-2022,4,5,5
1611,21-05-2023,1,2,2
1612,13-12-2022,5,5,3
1613,07-09-2022,4,2,1
1614,10-04-2023,1,4,2
1615,27-07-2023,1,1,3
1616,29-01-2023,3,4,1
1617,08-02-2023,5,1,2
1618,16-11-2022,2,5,4
1619,05-01-2023,4,2,2
1620,30-10-2022,5,3,2
1621,21-05-2023,4,1,3
1622,29-04-2023,1,5,5
1623,18-12-2022,1,2,2
1624,24-07-2023,5,1,3
1625,16-08-2022,5,2,2
1626,11-01-2023,3,4,5
1627,06-08-2022,4,4,1
1628,12-04-2023,4,4,2
1629,23-09-2022,1,2,4
1630,25-02-2023,4,3,2
1631,24-06-2023,2,4,1
1632,12-03-2023,5,4,4
1633,09-12-2022,4,3,2
1634,13-01-2023,2,3,1
1635,19-12-2022,4,4,2
1636,14-10-2022,4,5,2
1637,20-10-2022,4,1,2
1638,08-05-2023,2,4,5
1639,12-10-2022,1,2,1
1640,19-12-2022,2,4,1
1641,18-03-2023,5,4,4
1642,14-04-2023,3,2,2
1643,23-08-2022,5,3,4
1644,01-04-2023,3,1,1
1645,26-09-2022,5,5,5
1646,20-01-2023,2,2,1
1647,16-02-2023,4,2,5
1648,16-12-2022,4,4,5
1649,28-07-2023,3,1,2
1650,29-03-2023,5,1,3
1651,01-11-2022,4,4,4
1652,09-06-2023,1,4,4
1653,02-12-2022,2,4,5
1654,11-06-2023,2,3,3
1655,25-09-2022,3,1,2
1656,30-09-2022,1,4,5
1657,29-07-2023,1,5,1
1658,07-08-2022,2,1,2
1659,11-07-2023,4,5,5
1660,17-06-2023,5,5,1
1661,25-02-2023,5,4,4
1662,17-05-2023,2,4,5
1663,10-03-2023,4,2,4
1664,12-02-2023,2,1,1
1665,23-08-2022,4,2,3
1666,12-08-2022,3,3,4
1667,24-10-2022,1,3,5
1668,01-10-2022,2,1,3
1669,13-09-2022,3,1,2
1670,11-08-2022,2,2,2
1671,08-07-2023,5,3,5
1672,08-10-2022,1,3,4
1673,19-08-2022,3,5,5
1674,04-10-2022,1,5,5
1675,25-01-2023,4,1,4
1676,27-03-2023,2,5,1
1677,10-03-2023,5,4,5
1678,21-06-2023,2,1,1
1679,01-08-2023,5,4,3
1680,01-03-2023,5,4,5
1681,30-05-2023,2,3,4
1682,15-04-2023,5,3,4
1683,29-12-2022,2,4,4
1684,30-12-2022,2,4,3
1685,18-01-2023,1,4,2
1686,06-02-2023,2,4,2
1687,03-08-2023,3,4,5
1688,12-11-2022,1,4,5
1689,26-04-2023,5,3,5
1690,12-11-2022,3,1,5
1691,30-11-2022,3,1,2
1692,25-06-2023,2,2,1
1693,18-12-2022,3,5,1
1694,31-08-2022,3,5,3
1695,25-05-2023,3,3,3
1696,27-05-2023,4,4,1
1697,15-10-2022,1,5,2
1698,21-03-2023,3,5,4
1699,25-04-2023,2,4,3
1700,04-05-2023,5,2,4
1701,29-04-2023,5,3,2
1702,20-01-2023,4,1,2
1703,16-02-2023,1,1,4
1704,06-04-2023,4,4,3
1705,02-04-2023,4,4,1
1706,19-06-2023,3,2,5
1707,21-10-2022,5,4,3
1708,29-01-2023,4,5,4
1709,10-05-2023,5,4,2
1710,03-07-2023,1,2,3
1711,05-05-2023,5,1,4
1712,12-05-2023,3,2,3
1713,11-10-2022,4,4,5
1714,27-02-2023,1,2,3
1715,16-04-2023,2,2,5
1716,15-01-2023,2,1,1
1717,06-03-2023,4,2,5
1718,19-07-2023,5,4,5
1719,29-03-2023,2,3,1
1720,10-07-2023,4,3,2
1721,30-06-2023,5,4,4
1722,16-03-2023,2,2,4
1723,16-09-2022,5,1,5
1724,22-09-2022,4,2,2
1725,09-04-2023,2,4,5
1726,14-06-2023,3,5,3
1727,22-12-2022,4,2,4
1728,01-08-2023,1,4,2
1729,15-02-2023,1,1,2
1730,03-07-2023,2,4,4
1731,23-06-2023,1,4,1
1732,24-10-2022,1,5,4
1733,26-10-2022,4,5,3
1734,04-04-2023,4,1,4
1735,10-05-2023,4,4,5
1736,21-04-2023,3,1,3
1737,30-03-2023,4,5,2
1738,13-11-2022,4,1,2
1739,10-10-2022,2,5,1
1740,20-09-2022,5,4,4
1741,22-08-2022,3,4,2
1742,20-05-2023,5,5,3
1743,20-04-2023,4,1,5
1744,02-05-2023,2,1,4
1745,14-11-2022,4,4,3
1746,20-06-2023,4,3,4
1747,28-03-2023,1,4,4
1748,12-02-2023,3,2,4
1749,05-08-2022,1,4,5
1750,13-11-2022,1,2,5
1751,24-08-2022,4,4,1
1752,11-12-2022,2,1,2
1753,30-05-2023,5,3,3
1754,29-12-2022,5,5,1
1755,17-10-2022,4,1,1
1756,27-06-2023,2,4,4
1757,18-08-2022,5,4,5
1758,18-08-2022,5,3,5
1759,16-09-2022,5,2,4
1760,16-03-2023,5,3,2
1761,20-02-2023,3,2,1
1762,19-03-2023,3,3,5
1763,18-08-2022,4,2,4
1764,13-03-2023,2,3,5
1765,24-12-2022,5,5,2
1766,23-05-2023,1,5,2
1767,09-08-2022,4,1,1
1768,11-02-2023,3,3,3
1769,10-02-2023,4,3,5
1770,24-02-2023,1,3,5
1771,03-06-2023,3,2,1
1772,01-01-2023,3,4,5
1773,20-11-2022,5,5,2
1774,09-12-2022,1,1,2
1775,10-05-2023,4,2,3
1776,16-01-2023,3,2,3
1777,02-02-2023,1,3,1
1778,19-11-2022,3,5,4
1779,22-08-2022,5,3,4
1780,03-06-2023,2,3,2
1781,27-09-2022,2,2,4
1782,07-07-2023,3,4,1
1783,21-04-2023,5,2,4
1784,23-02-2023,2,3,1
1785,08-08-2022,4,4,5
1786,03-06-2023,4,2,1
1787,23-02-2023,2,5,3
1788,04-08-2023,2,5,1
1789,07-10-2022,4,3,1
1790,11-10-2022,4,5,4
1791,18-09-2022,4,5,3
1792,12-09-2022,2,3,5
1793,04-09-2022,1,1,2
1794,17-05-2023,4,4,2
1795,10-06-2023,5,1,4
1796,23-11-2022,3,5,2
1797,03-05-2023,3,3,5
1798,27-01-2023,3,2,4
1799,28-04-2023,2,5,3
1800,03-02-2023,4,3,5
1801,02-06-2023,3,4,3
1802,21-05-2023,4,2,5
1803,19-01-2023,1,3,1
1804,14-04-2023,3,3,5
1805,09-07-2023,3,3,1
1806,05-08-2022,1,2,5
1807,03-02-2023,1,4,4
1808,25-04-2023,5,2,4
1809,07-04-2023,5,2,1
1810,06-07-2023,5,1,4
1811,11-09-2022,2,5,1
1812,05-12-2022,4,2,5
1813,03-06-2023,3,5,3
1814,15-04-2023,3,3,1
1815,23-10-2022,1,4,5
1816,03-04-2023,4,3,1
1817,28-02-2023,3,1,5
1818,25-06-2023,3,1,3
1819,11-12-2022,3,1,1
1820,23-03-2023,5,4,3
1821,03-11-2022,1,2,1
1822,27-08-2022,5,2,2
1823,12-05-2023,4,4,3
1824,15-03-2023,3,1,1
1825,27-10-2022,1,3,3
1826,28-09-2022,3,2,5
1827,25-09-2022,1,3,5
1828,27-11-2022,3,3,2
1829,19-08-2022,2,1,2
1830,12-07-2023,1,4,1
1831,25-03-2023,2,2,2
1832,06-08-2022,1,2,4
1833,23-01-2023,4,3,2
1834,08-12-2022,4,5,1
1835,11-04-2023,5,2,2
1836,06-10-2022,1,4,3
1837,01-01-2023,1,3,3
1838,01-07-2023,2,1,1
1839,28-04-2023,3,3,3
1840,24-08-2022,5,1,4
1841,30-03-2023,3,5,3
1842,07-12-2022,1,4,4
1843,31-07-2023,1,5,4
1844,20-12-2022,2,1,4
1845,18-06-2023,1,2,5
1846,21-06-2023,5,4,1
1847,23-11-2022,5,2,3
1848,10-04-2023,2,4,5
1849,20-09-2022,2,4,4
1850,09-05-2023,3,1,2
1851,01-03-2023,1,1,4
1852,02-05-2023,3,4,1
1853,27-08-2022,4,3,5
1854,29-07-2023,1,2,5
1855,31-01-2023,3,3,3
1856,14-03-2023,2,3,3
1857,21-08-2022,1,4,1
1858,26-10-2022,2,4,1
1859,17-02-2023,4,2,5
1860,21-03-2023,1,4,3
1861,22-09-2022,1,2,4
1862,11-03-2023,5,4,4
1863,04-07-2023,5,2,2
1864,10-12-2022,3,2,1
1865,12-01-2023,1,3,4
1866,12-10-2022,3,5,2
1867,08-05-2023,1,5,2
1868,26-02-2023,5,3,3
1869,31-08-2022,1,2,3
1870,13-09-2022,2,5,3
1871,12-12-2022,1,4,3
1872,17-04-2023,1,2,5
1873,14-08-2022,5,2,3
1874,04-05-2023,2,4,4
1875,05-08-2023,3,1,4
1876,09-01-2023,4,2,1
1877,08-09-2022,2,3,2
1878,13-01-2023,5,3,3
1879,05-08-2023,2,3,4
1880,13-04-2023,5,1,2
1881,18-09-2022,3,5,3
1882,07-07-2023,1,4,2
1883,09-10-2022,3,4,2
1884,14-04-2023,1,3,3
1885,14-09-2022,1,2,4
1886,18-01-2023,3,2,5
1887,07-05-2023,2,3,3
1888,23-07-2023,1,5,1
1889,06-10-2022,5,4,4
1890,12-05-2023,1,3,2
1891,22-12-2022,2,5,2
1892,11-01-2023,3,3,3
1893,08-06-2023,2,3,4
1894,01-06-2023,3,1,5
1895,18-10-2022,4,5,2
1896,17-01-2023,1,1,3
1897,05-09-2022,2,4,5
1898,18-07-2023,4,5,5
1899,28-06-2023,2,4,5
1900,02-07-2023,2,2,5
1901,22-06-2023,4,1,5
1902,27-07-2023,2,5,3
1903,17-12-2022,5,5,2
1904,09-12-2022,5,1,4
1905,15-04-2023,5,2,1
1906,28-12-2022,1,4,5
1907,18-01-2023,2,4,5
1908,26-01-2023,4,2,5
1909,23-11-2022,3,5,2
1910,05-11-2022,1,4,1
1911,08-04-2023,3,4,3
1912,02-04-2023,2,5,1
1913,21-01-2023,5,4,2
1914,23-02-2023,4,4,5
1915,11-07-2023,2,3,5
1916,25-12-2022,3,4,3
1917,31-10-2022,5,2,3
1918,01-10-2022,3,5,5
1919,22-05-2023,2,3,3
1920,23-09-2022,2,5,3
1921,01-02-2023,3,2,5
1922,29-04-2023,1,1,3
1923,29-07-2023,3,4,4
1924,05-09-2022,3,5,1
1925,21-04-2023,1,5,3
1926,20-08-2022,3,4,2
1927,13-12-2022,3,2,1
1928,24-08-2022,4,5,5
1929,09-12-2022,4,1,3
1930,27-12-2022,3,3,4
1931,16-04-2023,2,3,4
1932,17-01-2023,5,5,2
1933,24-05-2023,2,4,5
1934,25-08-2022,2,5,2
1935,20-04-2023,5,1,4
1936,11-10-2022,3,3,5
1937,11-08-2022,4,5,4
1938,15-09-2022,1,4,3
1939,13-06-2023,4,5,3
1940,20-08-2022,3,4,5
1941,16-09-2022,3,5,4
1942,08-11-2022,2,4,2
1943,22-09-2022,5,5,4
1944,12-12-2022,1,4,1
1945,10-02-2023,1,3,4
1946,05-01-2023,3,5,1
1947,28-06-2023,1,3,3
1948,16-03-2023,2,1,5
1949,07-09-2022,5,3,4
1950,17-09-2022,3,2,1
1951,20-04-2023,4,1,3
1952,09-06-2023,2,5,2
1953,07-04-2023,4,5,4
1954,16-03-2023,1,1,5
1955,27-08-2022,2,3,4
1956,23-01-2023,1,5,4
1957,17-03-2023,5,2,2
1958,05-10-2022,4,2,5
1959,04-01-2023,5,3,4
1960,06-01-2023,3,4,1
1961,21-12-2022,2,3,1
1962,05-09-2022,2,4,1
1963,23-08-2022,2,5,3
1964,21-11-2022,5,5,5
1965,15-02-2023,3,1,1
1966,29-10-2022,4,3,2
1967,26-02-2023,4,2,4
1968,27-12-2022,1,4,2
1969,20-04-2023,4,3,3
1970,06-03-2023,5,4,4
1971,27-05-2023,3,2,1
1972,15-03-2023,2,2,3
1973,30-08-2022,4,2,3
1974,17-01-2023,4,1,3
1975,24-03-2023,4,4,3
1976,25-04-2023,1,5,1
1977,18-03-2023,2,5,4
1978,08-06-2023,3,5,1
1979,17-07-2023,1,4,5
1980,17-05-2023,5,4,5
1981,23-03-2023,5,4,3
1982,24-06-2023,3,5,5
1983,16-08-2022,2,5,1
1984,07-08-2022,5,2,2
1985,04-03-2023,5,5,2
1986,17-09-2022,1,4,2
1987,18-07-2023,5,1,3
1988,10-02-2023,1,3,5
1989,04-05-2023,4,2,5
1990,31-08-2022,3,1,1
1991,26-01-2023,2,1,3
1992,06-02-2023,4,3,3
1993,10-12-2022,5,2,4
1994,04-10-2022,5,5,1
1995,23-04-2023,4,3,1
1996,01-08-2023,3,5,2
1997,16-02-2023,3,3,2
1998,07-09-2022,2,4,3
1999,12-07-2023,3,2,2
2000,25-10-2022,1,3,3
2001,09-02-2023,5,3,5
2002,11-03-2023,1,4,2
2003,19-06-2023,5,5,1
2004,05-05-2023,3,3,4
2005,04-11-2022,2,1,2
2006,21-10-2022,5,5,2
2007,28-07-2023,4,1,5
2008,17-03-2023,1,2,2
2009,27-02-2023,5,2,2
2010,17-02-2023,4,4,4
2011,27-01-2023,3,2,2
2012,26-07-2023,2,3,2
2013,07-03-2023,4,5,4
2014,07-08-2022,2,5,4
2015,13-08-2022,4,3,1
2016,31-05-2023,1,3,5
2017,11-07-2023,2,5,4
2018,31-10-2022,5,2,1
2019,21-03-2023,2,1,4
2020,28-11-2022,2,1,4
2021,28-08-2022,1,3,4
2022,11-11-2022,5,3,5
2023,10-10-2022,3,4,4
2024,25-10-2022,2,1,5
2025,02-05-2023,1,2,4
2026,22-03-2023,2,4,4
2027,15-06-2023,3,1,3
2028,01-10-2022,4,4,4
2029,30-09-2022,2,5,1
2030,07-04-2023,4,1,5
2031,09-02-2023,1,3,1
2032,02-07-2023,5,2,4
2033,10-10-2022,4,1,5
2034,30-01-2023,2,4,1
2035,11-01-2023,4,2,3
2036,18-03-2023,4,3,4
2037,28-01-2023,2,5,4
2038,18-02-2023,5,3,2
2039,06-10-2022,5,2,2
2040,23-04-2023,1,2,5
2041,19-06-2023,1,1,5
2042,24-06-2023,5,2,1
2043,07-06-2023,1,3,3
2044,14-11-2022,5,1,5
2045,05-06-2023,3,1,4
2046,03-03-2023,2,2,4
2047,24-08-2022,3,5,3
2048,25-11-2022,2,5,4
2049,06-06-2023,3,1,3
2050,03-04-2023,5,4,5
2051,12-08-2022,5,2,4
2052,06-07-2023,1,4,4
2053,23-06-2023,5,3,1
2054,04-02-2023,4,5,3
2055,28-10-2022,5,4,2
2056,12-07-2023,3,4,1
2057,06-05-2023,4,1,3
2058,29-05-2023,5,5,4
2059,09-05-2023,4,4,5
2060,26-06-2023,5,5,5
2061,26-05-2023,2,4,3
2062,05-09-2022,4,1,2
2063,06-04-2023,4,5,3
2064,13-03-2023,1,3,5
2065,13-01-2023,5,4,4
2066,08-10-2022,1,5,1
2067,14-03-2023,5,2,1
2068,22-08-2022,4,3,5
2069,22-07-2023,3,1,5
2070,23-02-2023,3,4,5
2071,15-09-2022,2,1,5
2072,21-09-2022,5,4,1
2073,12-02-2023,1,2,2
2074,05-07-2023,3,2,4
2075,27-02-2023,4,5,2
2076,07-01-2023,5,5,1
2077,26-07-2023,4,1,1
2078,21-10-2022,5,5,2
2079,03-03-2023,4,2,3
2080,12-02-2023,4,1,4
2081,21-02-2023,1,1,4
2082,01-01-2023,4,2,4
2083,26-06-2023,2,2,4
2084,26-05-2023,3,2,2
2085,13-10-2022,3,4,4
2086,05-08-2022,5,4,3
2087,14-11-2022,4,4,1
2088,21-12-2022,2,1,2
2089,16-06-2023,5,3,3
2090,23-07-2023,3,4,3
2091,21-02-2023,3,1,1
2092,24-07-2023,1,2,3
2093,01-02-2023,2,3,1
2094,25-08-2022,2,5,5
2095,21-07-2023,5,3,1
2096,28-05-2023,3,4,4
2097,30-08-2022,2,1,4
2098,01-02-2023,2,4,1
2099,26-03-2023,1,4,5
2100,09-01-2023,1,1,1
2101,10-01-2023,4,4,2
2102,16-07-2023,1,1,3
2103,16-02-2023,1,4,5
2104,10-06-2023,1,4,3
2105,24-07-2023,3,4,2
2106,28-10-2022,5,5,1
2107,25-11-2022,4,1,1
2108,10-04-2023,1,2,4
2109,04-04-2023,3,3,5
2110,13-11-2022,1,4,2
2111,26-04-2023,2,3,1
2112,01-02-2023,4,3,1
2113,31-08-2022,5,1,5
2114,08-02-2023,5,4,1
2115,25-01-2023,5,2,1
2116,11-05-2023,1,4,2
2117,16-11-2022,2,3,2
2118,20-03-2023,3,2,4
2119,27-05-2023,1,2,3
2120,05-09-2022,4,4,1
2121,29-01-2023,4,1,3
2122,25-01-2023,3,3,2
2123,29-10-2022,3,5,3
2124,21-04-2023,4,1,5
2125,23-09-2022,4,5,3
2126,14-04-2023,3,4,4
2127,01-08-2023,2,2,3
2128,01-04-2023,1,3,1
2129,30-09-2022,5,5,2
2130,30-03-2023,3,5,2
2131,28-12-2022,1,2,1
2132,15-12-2022,2,3,3
2133,02-03-2023,2,3,2
2134,27-02-2023,4,2,5
2135,02-08-2023,2,2,4
2136,18-02-2023,2,2,2
2137,14-10-2022,1,3,3
2138,22-08-2022,1,5,2
2139,05-05-2023,1,4,4
2140,11-05-2023,4,5,4
2141,14-11-2022,2,3,3
2142,06-05-2023,2,5,1
2143,14-12-2022,2,1,1
2144,09-06-2023,2,5,4
2145,19-05-2023,3,3,5
2146,24-02-2023,3,1,1
2147,03-11-2022,2,1,2
2148,12-06-2023,1,1,2
2149,21-05-2023,5,3,5
2150,26-11-2022,2,1,1
2151,11-04-2023,4,4,4
2152,30-03-2023,3,1,4
2153,19-01-2023,3,5,3
2154,18-05-2023,1,3,2
2155,13-03-2023,1,2,4
2156,03-03-2023,5,1,3
2157,10-12-2022,4,2,5
2158,04-01-2023,2,4,3
2159,20-09-2022,1,1,1
2160,20-01-2023,1,1,5
2161,27-05-2023,1,4,3
2162,17-02-2023,3,5,4
2163,12-01-2023,5,5,4
2164,09-12-2022,3,1,3
2165,28-10-2022,5,3,3
2166,16-01-2023,2,2,1
2167,03-09-2022,2,4,2
2168,08-01-2023,5,1,4
2169,18-04-2023,5,2,4
2170,30-01-2023,1,5,2
2171,16-03-2023,1,3,2
2172,17-03-2023,2,4,1
2173,13-02-2023,1,4,3
2174,25-12-2022,1,1,5
2175,16-03-2023,1,3,3
2176,29-04-2023,2,1,1
2177,17-10-2022,4,2,1
2178,11-09-2022,4,1,5
2179,16-06-2023,1,3,1
2180,29-05-2023,4,4,4
2181,04-02-2023,2,1,4
2182,12-04-2023,1,1,2
2183,13-12-2022,4,4,2
2184,09-03-2023,2,4,4
2185,07-11-2022,4,5,5
2186,17-09-2022,4,1,1
2187,14-01-2023,2,1,5
2188,25-01-2023,5,4,2
2189,19-08-2022,1,2,4
2190,31-03-2023,5,2,3
2191,11-04-2023,2,2,3
2192,26-12-2022,5,3,4
2193,10-07-2023,2,2,3
2194,02-10-2022,1,4,1
2195,30-11-2022,1,5,1
2196,01-08-2023,5,2,3
2197,15-04-2023,2,3,1
2198,13-07-2023,2,4,2
2199,03-06-2023,4,3,4
2200,16-12-2022,3,1,5
2201,24-06-2023,5,1,5
2202,24-06-2023,5,4,5
2203,29-08-2022,1,4,1
2204,01-10-2022,5,2,3
2205,05-09-2022,2,3,5
2206,24-08-2022,2,4,3
2207,29-03-2023,3,3,1
2208,07-03-2023,5,3,3
2209,01-04-2023,2,2,5
2210,09-01-2023,1,5,3
2211,01-02-2023,1,5,3
2212,26-07-2023,4,1,5
2213,05-05-2023,1,4,2
2214,26-02-2023,1,1,5
2215,24-04-2023,1,5,5
2216,13-04-2023,4,5,2
2217,05-10-2022,2,1,2
2218,10-10-2022,4,1,5
2219,29-03-2023,5,2,2
2220,02-03-2023,3,3,5
2221,28-04-2023,1,5,1
2222,14-09-2022,2,3,5
2223,23-05-2023,1,1,4
2224,02-02-2023,2,1,3
2225,21-08-2022,1,2,2
2226,28-01-2023,4,4,5
2227,18-09-2022,2,3,4
2228,20-01-2023,3,2,2
2229,22-04-2023,3,1,1
2230,09-06-2023,1,5,5
2231,04-01-2023,1,2,2
2232,19-11-2022,4,5,2
2233,03-10-2022,5,1,1
2234,23-08-2022,1,1,4
2235,10-09-2022,3,5,3
2236,29-12-2022,2,1,2
2237,08-06-2023,2,5,2
2238,28-03-2023,4,4,3
2239,31-12-2022,1,3,4
2240,22-08-2022,2,4,5
2241,30-01-2023,4,4,4
2242,26-02-2023,3,2,4
2243,26-06-2023,1,3,5
2244,01-03-2023,4,2,1
2245,08-07-2023,2,4,4
2246,20-03-2023,3,4,5
2247,16-02-2023,3,4,4
2248,24-05-2023,1,5,5
2249,29-05-2023,3,5,5
2250,29-05-2023,4,2,1
2251,18-09-2022,4,4,4
2252,28-09-2022,1,3,3
2253,26-06-2023,5,1,2
2254,14-12-2022,3,2,5
2255,12-05-2023,1,4,4
2256,14-07-2023,5,5,4
2257,25-07-2023,4,3,5
2258,03-04-2023,2,5,4
2259,09-01-2023,1,2,5
2260,05-08-2023,3,1,4
2261,17-11-2022,2,1,5
2262,27-04-2023,4,4,3
2263,28-11-2022,3,1,4
2264,08-11-2022,1,2,3
2265,08-03-2023,2,4,2
2266,27-04-2023,5,3,2
2267,09-03-2023,1,3,3
2268,03-07-2023,2,3,2
2269,14-02-2023,5,5,1
2270,18-03-2023,4,4,3
2271,21-03-2023,5,4,4
2272,05-08-2022,5,5,3
2273,26-10-2022,5,2,3
2274,13-08-2022,2,5,1
2275,24-10-2022,5,4,3
2276,16-09-2022,5,2,2
2277,25-11-2022,3,4,4
2278,21-08-2022,5,4,2
2279,28-05-2023,2,5,1
2280,23-02-2023,4,2,5
2281,24-09-2022,1,4,2
2282,02-11-2022,1,5,3
2283,20-10-2022,4,2,1
2284,11-10-2022,1,4,4
2285,22-05-2023,4,3,3
2286,20-01-2023,4,4,4
2287,11-11-2022,4,4,2
2288,09-07-2023,5,1,4
2289,12-03-2023,2,5,3
2290,14-04-2023,4,1,3
2291,20-08-2022,3,4,1
2292,15-11-2022,5,1,1
2293,19-06-2023,5,3,1
2294,30-08-2022,4,4,4
2295,26-11-2022,3,5,4
2296,15-06-2023,4,4,5
2297,14-09-2022,5,4,1
2298,04-11-2022,3,2,1
2299,18-08-2022,2,1,2
2300,08-10-2022,5,1,2
2301,26-07-2023,3,1,4
2302,12-04-2023,2,5,3
2303,01-02-2023,5,5,1
2304,29-06-2023,5,1,2
2305,26-05-2023,4,5,5
2306,25-04-2023,3,4,3
2307,22-07-2023,5,2,3
2308,11-03-2023,1,2,3
2309,03-01-2023,2,5,5
2310,04-10-2022,4,1,3
2311,15-03-2023,5,3,2
2312,02-04-2023,1,4,3
2313,04-04-2023,5,2,3
2314,23-06-2023,4,1,3
2315,10-08-2022,4,3,2
2316,06-09-2022,4,2,5
2317,07-02-2023,2,2,1
2318,20-12-2022,2,1,5
2319,29-03-2023,5,4,3
2320,12-02-2023,5,1,3
2321,07-11-2022,4,2,5
2322,20-08-2022,4,3,4
2323,21-11-2022,2,1,3
2324,24-06-2023,1,2,4
2325,27-12-2022,4,4,1
2326,19-04-2023,3,1,4
2327,29-03-2023,4,1,2
2328,02-09-2022,1,4,3
2329,02-09-2022,2,3,1
2330,11-09-2022,3,4,5
2331,11-12-2022,2,5,3
2332,02-11-2022,1,1,1
2333,19-04-2023,5,4,2
2334,01-12-2022,3,3,5
2335,24-03-2023,1,5,5
2336,10-08-2022,5,1,5
2337,09-07-2023,1,4,3
2338,09-09-2022,2,3,5
2339,22-03-2023,3,1,5
2340,23-05-2023,4,5,3
2341,14-10-2022,1,5,2
2342,24-07-2023,1,4,3
2343,22-11-2022,1,3,4
2344,08-02-2023,2,5,5
2345,14-01-2023,2,1,5
2346,06-02-2023,5,3,1
2347,09-01-2023,2,3,2
2348,12-10-2022,4,4,2
2349,05-11-2022,5,5,1
2350,24-08-2022,1,4,5
2351,21-02-2023,3,3,5
2352,11-07-2023,2,3,3
2353,17-10-2022,2,4,3
2354,10-06-2023,5,1,1
2355,15-11-2022,1,1,4
2356,07-03-2023,4,1,1
2357,12-11-2022,1,2,3
2358,07-09-2022,5,3,3
2359,08-07-2023,4,4,3
2360,07-02-2023,4,4,3
2361,12-02-2023,4,4,2
2362,21-01-2023,5,4,5
2363,16-07-2023,2,5,1
2364,02-02-2023,4,2,4
2365,07-09-2022,1,1,1
2366,30-04-2023,4,2,5
2367,26-10-2022,3,2,5
2368,06-11-2022,5,2,1
2369,18-02-2023,5,2,4
2370,03-10-2022,1,2,4
2371,10-01-2023,2,1,5
2372,02-08-2023,3,4,5
2373,21-07-2023,3,5,5
2374,16-01-2023,1,2,1
2375,14-08-2022,2,4,2
2376,07-12-2022,5,2,4
2377,31-12-2022,1,2,1
2378,04-07-2023,2,5,3
2379,01-07-2023,2,5,1
2380,25-10-2022,2,1,3
2381,15-02-2023,2,3,3
2382,19-11-2022,4,3,4
2383,21-11-2022,5,3,5
2384,03-09-2022,2,2,2
2385,15-01-2023,2,1,3
2386,16-12-2022,1,4,3
2387,06-01-2023,1,2,5
2388,06-06-2023,5,2,4
2389,06-06-2023,1,4,2
2390,18-10-2022,1,5,4
2391,22-06-2023,3,3,3
2392,19-06-2023,4,3,2
2393,12-05-2023,3,2,2
2394,18-11-2022,4,1,1
2395,23-02-2023,1,1,4
2396,14-12-2022,3,4,2
2397,08-09-2022,2,5,2
2398,07-01-2023,4,3,3
2399,29-11-2022,1,4,2
2400,28-03-2023,4,4,3
2401,23-12-2022,1,1,3
2402,29-10-2022,3,2,2
2403,07-11-2022,3,3,3
2404,01-05-2023,3,3,1
2405,25-07-2023,4,1,2
2406,24-02-2023,1,4,4
2407,23-09-2022,3,5,5
2408,26-08-2022,2,5,5
2409,11-01-2023,3,3,3
2410,03-05-2023,4,4,1
2411,23-01-2023,2,3,3
2412,10-04-2023,5,4,5
2413,08-11-2022,4,2,2
2414,05-09-2022,1,1,5
2415,08-02-2023,1,2,5
2416,01-11-2022,4,5,1
2417,17-09-2022,2,3,4
2418,08-03-2023,3,2,5
2419,22-12-2022,2,2,1
2420,07-05-2023,4,3,1
2421,03-04-2023,1,3,5
2422,18-10-2022,5,4,5
2423,06-04-2023,3,3,5
2424,25-02-2023,2,1,4
2425,28-03-2023,2,2,2
2426,21-10-2022,5,5,3
2427,14-04-2023,2,2,1
2428,30-11-2022,2,5,5
2429,06-11-2022,3,4,2
2430,22-09-2022,2,1,1
2431,31-10-2022,4,2,5
2432,30-07-2023,1,1,2
2433,05-08-2022,1,5,3
2434,14-08-2022,5,2,5
2435,29-01-2023,1,3,2
2436,04-11-2022,1,3,3
2437,17-10-2022,3,5,2
2438,09-11-2022,4,1,4
2439,15-08-2022,4,3,5
2440,08-03-2023,2,5,2
2441,17-10-2022,2,4,2
2442,26-01-2023,2,1,5
2443,17-08-2022,4,3,5
2444,05-08-2023,1,1,5
2445,20-11-2022,3,4,5
2446,09-06-2023,1,2,5
2447,01-02-2023,5,3,4
2448,14-04-2023,2,2,5
2449,28-01-2023,4,5,3
2450,21-01-2023,5,3,2
2451,17-03-2023,5,3,1
2452,02-09-2022,3,3,1
2453,23-12-2022,3,3,3
2454,24-09-2022,1,4,3
2455,11-06-2023,3,3,1
2456,22-09-2022,4,5,3
2457,27-04-2023,3,2,3
2458,19-09-2022,5,3,1
2459,14-10-2022,5,5,5
2460,24-03-2023,3,4,2
2461,03-12-2022,3,2,4
2462,09-05-2023,4,1,2
2463,04-12-2022,3,5,5
2464,18-02-2023,2,3,2
2465,06-01-2023,3,3,1
2466,14-09-2022,2,4,1
2467,14-08-2022,1,1,4
2468,23-03-2023,5,4,3
2469,13-04-2023,2,1,5
2470,21-10-2022,5,5,2
2471,23-01-2023,5,5,3
2472,22-06-2023,5,2,3
2473,16-09-2022,4,4,3
2474,12-06-2023,4,5,2
2475,18-05-2023,1,4,1
2476,18-03-2023,3,5,5
2477,09-01-2023,4,4,3
2478,30-01-2023,4,4,1
2479,31-10-2022,2,1,2
2480,12-02-2023,3,2,3
2481,07-08-2022,2,5,1
2482,19-01-2023,4,2,5
2483,08-03-2023,5,1,3
2484,01-06-2023,1,2,2
2485,14-05-2023,3,5,5
2486,31-12-2022,1,1,5
2487,06-05-2023,1,1,4
2488,10-01-2023,2,4,5
2489,22-09-2022,1,3,2
2490,25-01-2023,2,2,4
2491,23-02-2023,4,5,2
2492,02-01-2023,3,2,5
2493,23-01-2023,1,3,1
2494,06-11-2022,1,1,1
2495,10-01-2023,5,1,2
2496,15-12-2022,2,3,3
2497,27-10-2022,5,2,5
2498,05-07-2023,5,3,5
2499,01-05-2023,5,5,3
2500,01-07-2023,1,3,5
2501,21-01-2023,1,5,3
2502,21-07-2023,3,3,5
2503,06-12-2022,1,1,1
2504,22-10-2022,1,5,3
2505,30-10-2022,3,2,3
2506,04-09-2022,3,3,2
2507,31-07-2023,2,3,4
2508,01-07-2023,1,4,1
2509,10-03-2023,1,2,3
2510,10-09-2022,2,2,2
2511,24-06-2023,4,3,1
2512,02-09-2022,1,4,2
2513,28-03-2023,5,2,4
2514,10-06-2023,5,2,2
2515,28-03-2023,1,1,1
2516,15-05-2023,5,1,5
2517,05-07-2023,5,5,1
2518,28-12-2022,4,2,1
2519,03-09-2022,3,5,5
2520,06-02-2023,2,1,1
2521,07-06-2023,4,4,4
2522,13-08-2022,3,3,2
2523,17-02-2023,1,1,3
2524,10-07-2023,3,3,4
2525,23-07-2023,2,5,1
2526,22-10-2022,1,1,1
2527,28-10-2022,3,4,5
2528,10-07-2023,2,4,2
2529,08-12-2022,4,5,1
2530,18-07-2023,4,1,1
2531,28-08-2022,2,5,4
2532,26-03-2023,1,1,4
2533,20-08-2022,1,1,3
2534,15-10-2022,2,2,5
2535,06-08-2022,2,5,2
2536,16-12-2022,2,1,2
2537,26-07-2023,4,5,4
2538,02-10-2022,5,4,5
2539,08-12-2022,4,2,3
2540,16-04-2023,3,4,4
2541,22-07-2023,3,4,3
2542,21-09-2022,2,1,3
2543,06-07-2023,3,4,3
2544,07-07-2023,2,3,2
2545,12-02-2023,3,2,3
2546,06-11-2022,4,4,5
2547,26-05-2023,2,5,1
2548,07-08-2022,2,5,3
2549,18-01-2023,4,3,5
2550,01-01-2023,3,1,1
2551,03-09-2022,4,2,2
2552,19-10-2022,3,2,3
2553,16-10-2022,2,2,2
2554,29-12-2022,5,1,4
2555,14-05-2023,5,1,4
2556,01-02-2023,4,1,3
2557,04-09-2022,1,3,1
2558,15-12-2022,2,4,5
2559,10-07-2023,3,5,3
2560,19-10-2022,5,1,5
2561,15-04-2023,3,5,4
2562,17-04-2023,1,4,3
2563,24-09-2022,2,2,4
2564,11-12-2022,1,4,4
2565,17-08-2022,2,5,4
2566,19-05-2023,3,2,2
2567,17-08-2022,4,3,5
2568,22-06-2023,3,5,2
2569,28-05-2023,3,4,3
2570,15-04-2023,3,3,1
2571,19-06-2023,3,3,5
2572,19-10-2022,1,1,2
2573,24-04-2023,1,4,3
2574,20-03-2023,3,1,4
2575,26-05-2023,4,3,4
2576,19-11-2022,2,4,1
2577,18-09-2022,5,2,4
2578,17-06-2023,4,5,3
2579,05-08-2023,3,4,4
2580,28-10-2022,1,2,4
2581,20-02-2023,2,3,4
2582,20-09-2022,3,2,5
2583,20-05-2023,5,5,3
2584,20-07-2023,4,4,5
2585,03-05-2023,5,1,4
2586,04-11-2022,2,4,2
2587,24-11-2022,4,4,4
2588,12-12-2022,5,1,5
2589,25-11-2022,2,5,1
2590,28-08-2022,1,1,4
2591,28-07-2023,4,5,5
2592,27-06-2023,5,1,2
2593,04-04-2023,3,1,2
2594,04-12-2022,1,5,3
2595,18-12-2022,3,5,4
2596,06-06-2023,4,1,2
2597,08-05-2023,4,5,4
2598,21-05-2023,5,3,2
2599,31-03-2023,1,4,2
2600,28-09-2022,5,2,4
2601,06-10-2022,3,5,5
2602,10-02-2023,5,5,2
2603,04-12-2022,4,1,4
2604,23-01-2023,1,1,2
2605,25-02-2023,3,4,3
2606,23-12-2022,1,5,1
2607,26-02-2023,3,1,2
2608,07-08-2022,1,4,5
2609,29-04-2023,3,3,4
2610,04-11-2022,5,1,2
2611,25-06-2023,5,3,1
2612,26-03-2023,2,2,5
2613,04-03-2023,2,1,2
2614,19-11-2022,5,1,1
2615,05-12-2022,5,1,3
2616,12-09-2022,3,1,3
2617,23-12-2022,4,4,2
2618,01-08-2023,5,3,3
2619,21-03-2023,1,2,1
2620,04-02-2023,4,3,4
2621,02-01-2023,3,5,4
2622,06-10-2022,3,5,1
2623,10-11-2022,2,5,3
2624,24-01-2023,1,4,3
2625,11-10-2022,5,5,3
2626,23-10-2022,1,4,2
2627,15-08-2022,5,3,3
2628,06-12-2022,5,4,2
2629,24-10-2022,1,5,4
2630,04-09-2022,1,5,4
2631,08-01-2023,5,1,4
2632,07-07-2023,1,4,2
2633,01-07-2023,5,2,3
2634,12-12-2022,3,5,3
2635,21-06-2023,3,1,3
2636,20-12-2022,5,3,3
2637,27-06-2023,2,2,2
2638,28-04-2023,1,2,2
2639,31-01-2023,1,3,3
2640,17-07-2023,1,5,2
2641,25-11-2022,2,3,5
2642,09-12-2022,2,3,1
2643,01-05-2023,4,3,5
2644,22-11-2022,4,1,2
2645,25-10-2022,4,3,5
2646,14-12-2022,4,2,2
2647,23-08-2022,5,5,3
2648,22-04-2023,4,2,1
2649,26-12-2022,4,4,1
2650,24-03-2023,1,1,1
2651,31-05-2023,1,3,2
2652,11-11-2022,1,4,2
2653,23-02-2023,4,5,3
2654,07-03-2023,4,1,3
2655,29-08-2022,2,5,5
2656,15-03-2023,5,4,3
2657,04-03-2023,4,3,3
2658,22-10-2022,3,1,1
2659,22-05-2023,5,3,2
2660,23-08-2022,5,1,1
2661,25-02-2023,3,3,2
2662,08-07-2023,4,1,1
2663,07-08-2022,3,4,1
2664,13-06-2023,5,2,2
2665,05-10-2022,1,5,5
2666,24-05-2023,5,5,3
2667,28-12-2022,3,2,3
2668,28-04-2023,4,4,1
2669,27-04-2023,4,2,1
2670,26-06-2023,4,2,1
2671,12-02-2023,1,2,5
2672,04-06-2023,5,2,2
2673,13-10-2022,5,1,1
2674,06-11-2022,1,1,4
2675,30-01-2023,2,4,4
2676,16-10-2022,4,3,4
2677,29-11-2022,2,1,5
2678,18-07-2023,5,3,3
2679,02-02-2023,4,4,1
2680,31-08-2022,1,4,4
2681,22-07-2023,3,3,3
2682,02-11-2022,1,2,2
2683,23-12-2022,3,4,2
2684,14-09-2022,3,4,2
2685,09-07-2023,3,1,1
2686,23-01-2023,5,3,4
2687,20-02-2023,4,5,5
2688,21-11-2022,2,3,3
2689,06-10-2022,2,1,1
2690,29-10-2022,1,3,2
2691,21-12-2022,4,1,1
2692,04-05-2023,4,5,2
2693,06-11-2022,2,5,2
2694,29-12-2022,3,4,4
2695,04-12-2022,5,2,3
2696,13-05-2023,3,1,3
2697,30-05-2023,1,5,3
2698,24-05-2023,5,4,5
2699,07-12-2022,1,1,5
2700,17-01-2023,3,5,1
2701,20-07-2023,5,5,3
2702,12-04-2023,5,1,2
2703,27-05-2023,1,5,4
2704,14-09-2022,2,4,4
2705,08-07-2023,3,2,2
2706,18-12-2022,3,2,5
2707,28-01-2023,1,2,1
2708,15-01-2023,1,3,5
2709,28-08-2022,1,2,2
2710,12-08-2022,4,2,3
2711,07-02-2023,4,2,5
2712,24-06-2023,3,2,5
2713,22-12-2022,5,2,4
2714,20-10-2022,3,1,3
2715,11-01-2023,3,5,1
2716,28-09-2022,3,2,2
2717,25-07-2023,1,1,2
2718,01-06-2023,3,5,5
2719,09-11-2022,5,5,5
2720,12-12-2022,3,3,2
2721,26-03-2023,1,4,3
2722,18-12-2022,3,4,2
2723,31-01-2023,3,1,5
2724,01-01-2023,5,3,4
2725,30-01-2023,4,1,5
2726,29-07-2023,2,4,2
2727,17-06-2023,1,3,3
2728,03-12-2022,3,2,1
2729,24-02-2023,3,5,1
2730,16-09-2022,2,3,4
2731,26-04-2023,2,3,2
2732,04-11-2022,1,5,3
2733,03-04-2023,3,4,1
2734,14-05-2023,2,2,3
2735,02-06-2023,5,1,2
2736,26-11-2022,4,2,2
2737,20-09-2022,5,5,3
2738,16-03-2023,4,3,1
2739,26-06-2023,1,2,5
2740,06-06-2023,2,5,1
2741,09-10-2022,4,3,1
2742,25-11-2022,5,3,4
2743,31-08-2022,3,2,5
2744,25-06-2023,2,4,2
2745,13-01-2023,1,2,2
2746,13-07-2023,4,4,5
2747,13-05-2023,3,1,5
2748,04-08-2023,5,2,5
2749,24-06-2023,5,3,4
2750,11-07-2023,3,4,4
2751,27-12-2022,3,1,2
2752,07-05-2023,3,5,1
2753,05-05-2023,3,1,4
2754,14-02-2023,1,5,1
2755,15-12-2022,5,5,4
2756,30-10-2022,1,3,1
2757,30-04-2023,3,4,2
2758,15-02-2023,1,3,1
2759,06-11-2022,3,1,3
2760,26-09-2022,2,1,4
2761,15-02-2023,1,4,3
2762,08-01-2023,3,1,2
2763,05-08-2022,4,2,4
2764,22-10-2022,2,4,3
2765,05-01-2023,3,1,3
2766,22-09-2022,3,5,5
2767,14-12-2022,3,3,4
2768,20-08-2022,2,1,5
2769,07-08-2022,3,1,3
2770,25-02-2023,1,2,3
2771,28-01-2023,2,4,2
2772,25-04-2023,2,4,5
2773,29-05-2023,2,5,4
2774,28-05-2023,1,5,3
2775,04-08-2023,1,4,3
2776,26-12-2022,5,3,5
2777,02-08-2023,5,1,3
2778,19-02-2023,1,1,4
2779,28-08-2022,4,1,1
2780,29-08-2022,3,5,2
2781,12-02-2023,1,2,2
2782,07-10-2022,3,5,3
2783,06-01-2023,3,1,1
2784,09-01-2023,4,3,4
2785,15-08-2022,3,1,5
2786,07-12-2022,4,3,1
2787,10-04-2023,4,2,5
2788,29-05-2023,4,1,3
2789,03-12-2022,1,2,2
2790,03-01-2023,1,5,2
2791,19-01-2023,1,3,1
2792,09-09-2022,3,4,4
2793,27-03-2023,2,5,3
2794,03-09-2022,5,4,4
2795,06-06-2023,5,1,1
2796,05-08-2023,2,4,2
2797,05-08-2022,2,1,2
2798,29-05-2023,3,4,2
2799,01-02-2023,2,1,1
2800,20-06-2023,1,2,2
2801,20-09-2022,1,3,4
2802,01-07-2023,2,3,5
2803,04-11-2022,4,4,5
2804,05-12-2022,5,4,2
2805,19-05-2023,5,3,2
2806,14-04-2023,1,3,1
2807,13-01-2023,3,2,4
2808,13-03-2023,5,2,4
2809,13-02-2023,1,1,5
2810,13-07-2023,2,5,5
2811,13-04-2023,3,4,3
2812,14-08-2022,3,2,5
2813,28-08-2022,4,4,2
2814,13-07-2023,4,1,1
2815,22-09-2022,2,5,3
2816,13-07-2023,4,2,4
2817,12-08-2022,4,1,5
2818,21-06-2023,4,3,3
2819,31-12-2022,2,3,4
2820,16-10-2022,2,1,5
2821,12-04-2023,2,5,5
2822,24-05-2023,2,3,3
2823,23-01-2023,5,2,1
2824,09-09-2022,1,4,1
2825,22-02-2023,5,4,4
2826,29-06-2023,4,3,4
2827,30-08-2022,4,4,5
2828,26-02-2023,5,5,3
2829,07-02-2023,2,5,3
2830,09-12-2022,1,2,2
2831,13-07-2023,5,1,4
2832,14-11-2022,4,5,5
2833,02-09-2022,2,5,2
2834,30-04-2023,5,3,3
2835,30-03-2023,4,5,3
2836,13-08-2022,5,4,1
2837,08-08-2022,4,1,4
2838,03-07-2023,4,4,2
2839,23-10-2022,1,4,5
2840,07-05-2023,3,2,3
2841,10-10-2022,2,2,2
2842,10-11-2022,2,1,5
2843,03-10-2022,5,1,4
2844,14-07-2023,2,5,2
2845,14-11-2022,3,4,2
2846,05-04-2023,1,1,4
2847,01-12-2022,1,2,2
2848,11-08-2022,2,1,1
2849,09-02-2023,5,1,1
2850,31-03-2023,4,1,4
2851,16-10-2022,4,3,3
2852,02-02-2023,2,1,2
2853,31-07-2023,5,1,1
2854,05-03-2023,1,3,4
2855,27-03-2023,3,5,5
2856,23-01-2023,4,5,2
2857,24-12-2022,5,2,5
2858,12-07-2023,1,2,5
2859,19-08-2022,1,3,3
2860,31-01-2023,2,1,4
2861,21-07-2023,2,4,5
2862,10-03-2023,1,2,3
2863,13-03-2023,2,2,1
2864,16-11-2022,1,3,4
2865,23-10-2022,2,2,3
2866,09-07-2023,3,3,2
2867,07-03-2023,3,1,3
2868,13-02-2023,3,4,1
2869,24-03-2023,2,5,4
2870,28-11-2022,5,3,2
2871,31-05-2023,2,5,2
2872,08-06-2023,3,5,1
2873,15-12-2022,4,2,3
2874,14-03-2023,3,5,1
2875,12-06-2023,3,5,4
2876,21-12-2022,3,3,2
2877,02-03-2023,2,4,1
2878,09-12-2022,2,3,3
2879,07-01-2023,1,5,2
2880,13-01-2023,1,1,2
2881,20-10-2022,5,4,1
2882,10-01-2023,3,2,5
2883,14-06-2023,4,3,4
2884,08-08-2022,3,2,4
2885,20-01-2023,1,5,5
2886,17-02-2023,5,5,1
2887,24-06-2023,5,1,1
2888,01-06-2023,5,2,5
2889,10-06-2023,2,2,1
2890,17-01-2023,3,5,5
2891,27-05-2023,5,2,3
2892,05-02-2023,2,1,5
2893,14-10-2022,3,1,1
2894,20-01-2023,1,4,4
2895,31-05-2023,1,2,5
2896,01-07-2023,5,4,1
2897,04-04-2023,3,5,2
2898,20-11-2022,1,4,3
2899,24-10-2022,1,5,3
2900,29-10-2022,1,4,1
2901,20-05-2023,1,4,5
2902,23-10-2022,5,4,3
2903,09-08-2022,3,3,5
2904,27-08-2022,4,2,4
2905,10-09-2022,2,5,1
2906,15-07-2023,2,5,4
2907,15-03-2023,1,4,5
2908,14-05-2023,4,2,5
2909,13-02-2023,2,4,4
2910,05-05-2023,5,1,3
2911,27-10-2022,5,2,2
2912,07-07-2023,3,5,3
2913,05-05-2023,4,1,2
2914,29-05-2023,5,3,3
2915,29-04-2023,3,4,2
2916,20-02-2023,4,4,2
2917,17-01-2023,1,4,5
2918,11-12-2022,4,3,1
2919,11-06-2023,5,1,2
2920,04-02-2023,2,4,4
2921,15-03-2023,5,2,3
2922,29-04-2023,4,2,5
2923,06-05-2023,5,1,2
2924,16-05-2023,5,4,4
2925,30-07-2023,1,3,1
2926,10-09-2022,1,1,1
2927,31-07-2023,4,2,2
2928,28-08-2022,5,4,1
2929,28-01-2023,1,3,4
2930,19-06-2023,1,4,2
2931,20-09-2022,5,4,4
2932,28-04-2023,4,4,3
2933,02-05-2023,3,1,4
2934,16-11-2022,4,3,1
2935,14-02-2023,5,1,1
2936,18-09-2022,4,3,1
2937,09-12-2022,1,4,4
2938,30-01-2023,2,5,1
2939,13-04-2023,4,3,3
2940,18-04-2023,5,1,3
2941,14-12-2022,5,2,5
2942,17-10-2022,3,3,4
2943,18-10-2022,4,1,5
2944,21-05-2023,2,4,1
2945,21-09-2022,4,2,1
2946,20-01-2023,4,5,3
2947,11-02-2023,3,4,2
2948,04-10-2022,2,4,5
2949,02-02-2023,2,2,2
2950,21-08-2022,3,3,5
2951,31-05-2023,3,1,3
2952,01-04-2023,5,3,2
2953,01-06-2023,2,3,4
2954,24-07-2023,5,2,1
2955,12-06-2023,5,2,3
2956,06-02-2023,5,4,1
2957,21-02-2023,1,3,4
2958,16-05-2023,1,2,4
2959,05-07-2023,1,5,2
2960,23-09-2022,2,4,3
2961,12-02-2023,2,2,4
2962,19-12-2022,1,2,3
2963,02-10-2022,1,3,2
2964,15-12-2022,4,1,3
2965,13-07-2023,4,4,5
2966,06-03-2023,5,2,5
2967,11-08-2022,2,3,1
2968,23-05-2023,1,5,4
2969,21-11-2022,4,5,5
2970,23-10-2022,5,5,5
2971,14-10-2022,3,5,4
2972,24-11-2022,3,4,3
2973,09-12-2022,1,3,3
2974,26-11-2022,4,5,4
2975,29-12-2022,2,3,4
2976,02-09-2022,4,3,1
2977,21-03-2023,2,4,3
2978,29-08-2022,5,2,4
2979,08-01-2023,4,5,4
2980,06-02-2023,1,3,5
2981,21-09-2022,5,3,2
2982,13-09-2022,5,4,3
2983,01-07-2023,4,5,4
2984,09-12-2022,4,1,1
2985,14-07-2023,3,5,2
2986,12-07-2023,4,5,3
2987,06-07-2023,4,3,3
2988,15-07-2023,4,4,4
2989,18-06-2023,2,3,3
2990,21-05-2023,2,2,3
2991,23-08-2022,5,5,3
2992,07-12-2022,1,4,2
2993,14-12-2022,5,5,1
2994,16-12-2022,5,5,3
2995,19-01-2023,1,5,2
2996,27-08-2022,3,2,2
2997,30-11-2022,1,2,5
2998,04-02-2023,4,3,3
2999,24-01-2023,2,1,4
3000,17-07-2023,2,2,5
3001,13-04-2023,5,4,3
3002,10-09-2022,3,3,3
3003,17-01-2023,4,3,5
3004,21-10-2022,4,3,4
3005,18-01-2023,4,5,1
3006,28-02-2023,3,5,2
3007,15-05-2023,2,5,3
3008,09-04-2023,2,1,4
3009,27-10-2022,1,2,4
3010,19-11-2022,1,5,5
3011,07-12-2022,4,4,3
3012,22-01-2023,3,5,1
3013,13-07-2023,5,2,4
3014,19-03-2023,3,4,2
3015,04-12-2022,5,5,5
3016,29-11-2022,3,1,2
3017,28-09-2022,3,5,3
3018,13-09-2022,1,1,4
3019,11-09-2022,3,4,2
3020,28-07-2023,2,5,1
3021,19-10-2022,5,3,4
3022,05-02-2023,2,2,3
3023,19-09-2022,3,5,3
3024,05-03-2023,4,5,5
3025,25-01-2023,3,4,5
3026,17-10-2022,3,2,4
3027,17-02-2023,3,2,4
3028,01-04-2023,5,4,1
3029,08-02-2023,1,1,3
3030,05-12-2022,2,2,5
3031,20-12-2022,2,3,2
3032,06-07-2023,1,3,2
3033,28-08-2022,3,3,5
3034,11-10-2022,1,4,2
3035,06-04-2023,2,4,5
3036,25-02-2023,1,4,2
3037,14-01-2023,3,4,2
3038,06-10-2022,5,5,5
3039,03-08-2023,4,2,1
3040,23-10-2022,5,1,4
3041,18-05-2023,5,5,4
3042,13-01-2023,4,1,2
3043,01-05-2023,5,3,3
3044,07-06-2023,1,1,3
3045,12-01-2023,5,4,1
3046,06-03-2023,2,5,3
3047,13-11-2022,4,2,1
3048,04-02-2023,2,2,3
3049,10-10-2022,5,3,2
3050,26-09-2022,1,3,4
3051,09-02-2023,3,5,5
3052,22-07-2023,5,1,3
3053,03-02-2023,2,1,3
3054,14-11-2022,5,5,2
3055,29-09-2022,5,1,3
3056,08-04-2023,5,5,2
3057,06-02-2023,1,2,5
3058,04-07-2023,4,1,1
3059,28-03-2023,2,1,3
3060,14-09-2022,5,2,4
3061,19-07-2023,5,1,3
3062,20-05-2023,3,4,1
3063,06-10-2022,1,5,1
3064,02-12-2022,2,2,5
3065,01-12-2022,3,1,2
3066,04-12-2022,5,4,1
3067,26-12-2022,3,1,2
3068,12-05-2023,3,2,1
3069,14-05-2023,1,2,3
3070,15-04-2023,1,5,4
3071,19-09-2022,1,4,2
3072,01-11-2022,2,4,1
3073,03-01-2023,2,3,5
3074,23-10-2022,1,3,2
3075,20-07-2023,5,3,1
3076,08-10-2022,2,1,5
3077,05-07-2023,2,1,2
3078,28-01-2023,1,1,5
3079,12-11-2022,3,5,3
3080,05-02-2023,3,3,5
3081,20-04-2023,3,3,1
3082,30-07-2023,4,3,4
3083,24-02-2023,4,4,3
3084,06-12-2022,5,3,3
3085,10-12-2022,4,3,5
3086,13-07-2023,4,2,2
3087,23-08-2022,4,3,4
3088,05-11-2022,5,3,5
3089,08-06-2023,5,3,5
3090,15-01-2023,3,2,4
3091,10-02-2023,2,2,4
3092,15-04-2023,4,4,1
3093,31-12-2022,3,4,5
3094,26-04-2023,2,3,1
3095,21-07-2023,5,2,3
3096,05-05-2023,1,3,2
3097,08-09-2022,5,3,4
3098,23-05-2023,3,5,4
3099,07-09-2022,5,4,4
3100,25-04-2023,1,5,2
3101,08-06-2023,5,4,1
3102,01-01-2023,1,2,3
3103,26-01-2023,2,5,2
3104,11-10-2022,5,2,3
3105,31-10-2022,2,1,2
3106,29-04-2023,5,1,2
3107,10-12-2022,2,1,4
3108,15-07-2023,1,4,1
3109,06-10-2022,1,2,1
3110,30-12-2022,1,2,1
3111,27-07-2023,2,5,2
3112,20-02-2023,5,2,3
3113,07-10-2022,5,2,5
3114,24-08-2022,2,2,2
3115,29-06-2023,1,3,5
3116,18-03-2023,2,1,4
3117,30-08-2022,2,3,1
3118,25-10-2022,3,2,3
3119,23-12-2022,4,5,2
3120,10-04-2023,1,5,3
3121,13-04-2023,4,1,3
3122,03-04-2023,1,1,5
3123,12-07-2023,5,2,2
3124,13-08-2022,2,4,2
3125,08-07-2023,3,5,4
3126,19-08-2022,4,5,1
3127,09-04-2023,4,5,5
3128,25-04-2023,3,5,4
3129,31-03-2023,4,2,4
3130,28-12-2022,4,3,3
3131,07-08-2022,3,2,5
3132,19-06-2023,2,2,1
3133,21-09-2022,1,5,1
3134,20-11-2022,3,2,1
3135,24-10-2022,1,2,1
3136,21-06-2023,5,3,5
3137,23-03-2023,1,2,4
3138,10-07-2023,5,3,1
3139,29-11-2022,3,2,1
3140,07-05-2023,1,1,1
3141,16-02-2023,3,1,4
3142,10-08-2022,4,5,1
3143,31-07-2023,1,4,1
3144,18-12-2022,3,4,3
3145,13-06-2023,1,2,1
3146,05-09-2022,5,1,1
3147,24-07-2023,2,2,5
3148,24-06-2023,4,5,1
3149,31-03-2023,2,1,4
3150,29-08-2022,3,2,2
3151,24-02-2023,3,3,1
3152,28-04-2023,1,3,1
3153,04-11-2022,1,5,3
3154,03-06-2023,1,3,5
3155,18-08-2022,2,5,4
3156,27-01-2023,4,2,2
3157,11-04-2023,4,1,3
3158,02-02-2023,1,1,3
3159,23-04-2023,1,1,2
3160,20-08-2022,5,5,3
3161,15-07-2023,1,5,4
3162,20-03-2023,4,4,2
3163,19-03-2023,2,4,5
3164,02-10-2022,4,2,3
3165,17-06-2023,1,5,5
3166,26-01-2023,2,4,1
3167,27-02-2023,5,2,1
3168,05-08-2023,5,2,2
3169,27-04-2023,3,2,3
3170,28-11-2022,1,3,2
3171,08-01-2023,4,1,5
3172,02-09-2022,2,3,1
3173,13-07-2023,5,4,3
3174,02-01-2023,1,5,5
3175,03-02-2023,5,4,1
3176,09-02-2023,5,3,5
3177,20-04-2023,3,4,2
3178,07-10-2022,5,2,1
3179,27-05-2023,5,2,1
3180,30-01-2023,2,1,1
3181,05-04-2023,5,4,1
3182,15-08-2022,3,3,4
3183,06-05-2023,1,1,4
3184,03-07-2023,3,1,4
3185,20-08-2022,5,4,5
3186,12-06-2023,5,2,3
3187,02-01-2023,4,2,2
3188,23-07-2023,5,2,4
3189,17-02-2023,4,3,4
3190,15-10-2022,4,5,5
3191,24-02-2023,1,2,2
3192,26-06-2023,5,4,1
3193,05-08-2023,1,1,5
3194,26-12-2022,2,5,5
3195,23-03-2023,5,4,1
3196,31-10-2022,3,3,1
3197,20-09-2022,5,5,2
3198,04-01-2023,1,3,1
3199,31-08-2022,1,4,4
3200,28-05-2023,5,1,3
3201,27-12-2022,1,4,5
3202,25-12-2022,2,5,1
3203,11-11-2022,4,4,2
3204,27-12-2022,4,1,1
3205,03-11-2022,3,1,3
3206,13-09-2022,2,4,4
3207,13-01-2023,4,4,5
3208,22-03-2023,5,1,3
3209,13-01-2023,3,3,1
3210,11-07-2023,3,5,1
3211,09-10-2022,1,5,3
3212,09-03-2023,2,5,4
3213,08-01-2023,2,5,1
3214,14-04-2023,3,1,2
3215,12-11-2022,4,3,5
3216,29-03-2023,1,4,3
3217,01-11-2022,1,2,1
3218,13-01-2023,2,2,5
3219,06-02-2023,3,3,4
3220,22-08-2022,5,4,3
3221,01-04-2023,1,3,5
3222,18-10-2022,2,5,1
3223,11-11-2022,4,4,2
3224,29-04-2023,2,4,5
3225,30-09-2022,3,1,1
3226,06-10-2022,1,2,3
3227,21-11-2022,3,5,2
3228,13-11-2022,3,5,3
3229,29-09-2022,4,3,4
3230,08-04-2023,4,3,1
3231,11-12-2022,5,3,3
3232,01-07-2023,5,2,3
3233,31-12-2022,5,3,1
3234,09-04-2023,1,3,4
3235,22-10-2022,3,4,1
3236,28-04-2023,2,4,1
3237,10-02-2023,5,1,2
3238,05-04-2023,5,3,5
3239,13-06-2023,5,2,5
3240,22-08-2022,2,5,4
3241,03-06-2023,1,5,3
3242,09-06-2023,3,3,1
3243,25-11-2022,2,3,1
3244,25-03-2023,2,1,1
3245,18-11-2022,3,5,2
3246,03-05-2023,1,1,4
3247,26-06-2023,2,5,4
3248,04-11-2022,4,3,3
3249,03-02-2023,3,2,5
3250,15-11-2022,1,1,3
3251,09-04-2023,5,1,2
3252,05-08-2023,1,3,1
3253,28-03-2023,1,3,1
3254,30-10-2022,2,4,1
3255,17-02-2023,1,4,1
3256,04-07-2023,4,1,4
3257,09-10-2022,1,3,5
3258,16-10-2022,4,4,3
3259,07-11-2022,5,2,1
3260,27-10-2022,5,2,1
3261,07-06-2023,2,2,1
3262,06-10-2022,4,3,3
3263,18-06-2023,1,3,2
3264,19-07-2023,1,4,3
3265,10-09-2022,4,3,2
3266,17-01-2023,1,2,3
3267,14-06-2023,1,5,2
3268,30-06-2023,1,5,4
3269,30-11-2022,1,5,2
3270,26-09-2022,5,5,4
3271,12-03-2023,1,5,1
3272,02-03-2023,5,5,2
3273,05-05-2023,4,5,4
3274,25-06-2023,3,5,4
3275,25-06-2023,1,2,3
3276,20-03-2023,2,2,4
3277,07-01-2023,3,2,3
3278,14-10-2022,1,4,4
3279,01-04-2023,5,2,1
3280,03-08-2023,4,5,4
3281,27-02-2023,4,4,4
3282,30-04-2023,5,1,1
3283,19-10-2022,1,3,3
3284,09-12-2022,2,4,1
3285,29-05-2023,3,3,3
3286,25-04-2023,3,1,4
3287,31-03-2023,5,1,2
3288,31-03-2023,1,5,2
3289,13-06-2023,3,5,1
3290,14-07-2023,1,1,2
3291,28-06-2023,1,1,3
3292,14-08-2022,5,4,3
3293,29-06-2023,5,3,4
3294,28-01-2023,3,2,2
3295,11-08-2022,1,2,1
3296,13-10-2022,1,4,5
3297,22-10-2022,2,3,3
3298,12-12-2022,3,4,4
3299,31-01-2023,4,1,2
3300,09-02-2023,1,1,3
3301,10-11-2022,2,2,2
3302,24-09-2022,5,1,2
3303,08-03-2023,1,2,1
3304,15-06-2023,2,4,2
3305,08-08-2022,5,4,5
3306,17-12-2022,3,5,1
3307,23-10-2022,2,4,1
3308,05-01-2023,1,3,2
3309,31-05-2023,2,3,5
3310,04-11-2022,4,5,5
3311,31-07-2023,5,2,1
3312,14-06-2023,3,1,4
3313,31-05-2023,1,2,2
3314,30-01-2023,1,4,1
3315,20-06-2023,5,3,4
3316,10-08-2022,2,1,2
3317,11-03-2023,1,5,5
3318,17-11-2022,4,3,3
3319,05-08-2022,5,3,4
3320,10-01-2023,1,4,4
3321,05-01-2023,4,1,3
3322,27-11-2022,2,5,4
3323,09-11-2022,5,3,5
3324,06-09-2022,3,2,5
3325,20-03-2023,4,5,5
3326,24-06-2023,4,1,3
3327,13-12-2022,5,1,1
3328,19-05-2023,2,5,4
3329,03-12-2022,4,4,3
3330,26-04-2023,1,3,3
3331,26-08-2022,1,5,5
3332,29-03-2023,2,4,5
3333,23-12-2022,2,3,1
3334,18-08-2022,1,4,2
3335,01-12-2022,5,1,3
3336,25-01-2023,4,4,2
3337,21-02-2023,5,5,2
3338,28-03-2023,3,2,4
3339,01-08-2023,1,1,3
3340,14-12-2022,5,2,3
3341,20-03-2023,3,5,3
3342,12-12-2022,3,4,1
3343,21-07-2023,4,2,5
3344,13-07-2023,5,4,1
3345,22-02-2023,1,1,3
3346,25-05-2023,5,3,2
3347,06-05-2023,4,2,1
3348,18-09-2022,5,2,1
3349,01-12-2022,1,4,3
3350,30-10-2022,2,1,1
3351,14-02-2023,4,2,3
3352,22-01-2023,2,5,2
3353,11-01-2023,2,3,2
3354,02-09-2022,1,4,1
3355,08-07-2023,1,3,3
3356,10-08-2022,2,5,1
3357,07-12-2022,3,3,1
3358,27-09-2022,1,1,2
3359,29-04-2023,3,1,3
3360,25-06-2023,4,4,1
3361,23-03-2023,1,3,3
3362,19-03-2023,1,5,1
3363,22-06-2023,4,4,2
3364,18-03-2023,1,5,2
3365,25-07-2023,1,1,4
3366,21-08-2022,4,5,5
3367,11-09-2022,4,1,5
3368,15-06-2023,5,1,4
3369,16-06-2023,2,5,4
3370,30-07-2023,3,5,3
3371,08-08-2022,4,2,5
3372,13-07-2023,1,3,1
3373,03-08-2023,2,4,4
3374,17-03-2023,1,3,3
3375,24-01-2023,2,4,3
3376,19-08-2022,4,1,2
3377,19-12-2022,3,5,3
3378,12-04-2023,5,1,4
3379,31-12-2022,2,1,4
3380,05-09-2022,4,3,2
3381,03-10-2022,1,5,2
3382,10-11-2022,3,5,5
3383,12-11-2022,3,2,3
3384,27-06-2023,2,1,2
3385,21-12-2022,2,1,4
3386,01-01-2023,2,1,5
3387,19-04-2023,1,3,4
3388,09-10-2022,3,1,3
3389,11-02-2023,2,3,1
3390,02-08-2023,2,4,2
3391,05-07-2023,4,3,1
3392,02-10-2022,3,4,2
3393,21-05-2023,3,4,4
3394,06-04-2023,1,5,5
3395,30-05-2023,4,4,3
3396,13-09-2022,4,3,3
3397,22-03-2023,3,3,2
3398,15-08-2022,5,2,1
3399,23-05-2023,4,4,5
3400,30-12-2022,2,5,3
3401,06-11-2022,4,4,1
3402,23-04-2023,1,4,4
3403,06-03-2023,4,4,3
3404,22-03-2023,4,1,1
3405,16-08-2022,2,1,1
3406,16-07-2023,5,5,4
3407,09-05-2023,1,3,5
3408,02-06-2023,2,2,4
3409,03-10-2022,5,5,4
3410,04-09-2022,4,3,4
3411,30-10-2022,2,3,2
3412,24-09-2022,5,4,4
3413,22-12-2022,1,2,5
3414,06-02-2023,5,2,4
3415,08-06-2023,2,5,1
3416,26-08-2022,1,2,1
3417,21-05-2023,2,5,5
3418,26-06-2023,5,3,4
3419,25-11-2022,2,5,2
3420,08-03-2023,2,3,3
3421,15-02-2023,5,4,2
3422,08-06-2023,1,1,3
3423,19-09-2022,4,5,3
3424,14-03-2023,2,4,5
3425,25-12-2022,5,2,3
3426,24-08-2022,1,3,2
3427,14-01-2023,1,2,3
3428,09-09-2022,2,1,5
3429,27-05-2023,1,2,1
3430,16-06-2023,5,5,4
3431,25-11-2022,2,5,3
3432,12-12-2022,2,3,5
3433,25-03-2023,1,5,2
3434,21-04-2023,1,4,2
3435,09-12-2022,4,3,3
3436,30-07-2023,5,5,2
3437,15-10-2022,3,2,5
3438,28-10-2022,4,2,5
3439,30-10-2022,1,2,5
3440,24-09-2022,1,4,5
3441,30-10-2022,4,2,5
3442,31-10-2022,2,5,3
3443,29-04-2023,2,2,4
3444,14-12-2022,1,2,4
3445,07-05-2023,4,5,2
3446,21-05-2023,4,3,5
3447,08-05-2023,5,1,4
3448,28-03-2023,5,1,5
3449,30-06-2023,3,2,1
3450,18-01-2023,4,3,5
3451,29-04-2023,5,1,2
3452,19-01-2023,5,5,2
3453,17-09-2022,5,5,3
3454,14-03-2023,4,4,2
3455,12-08-2022,2,1,1
3456,30-03-2023,4,3,4
3457,21-04-2023,5,1,4
3458,14-02-2023,2,5,5
3459,26-10-2022,4,4,3
3460,16-11-2022,4,3,3
3461,24-04-2023,1,4,4
3462,08-11-2022,3,3,1
3463,18-09-2022,4,3,4
3464,29-12-2022,2,5,3
3465,19-05-2023,5,4,3
3466,04-08-2023,1,3,4
3467,27-06-2023,4,3,2
3468,05-02-2023,3,1,3
3469,01-08-2023,5,5,1
3470,06-05-2023,1,2,3
3471,30-04-2023,2,4,1
3472,26-07-2023,5,5,4
3473,28-06-2023,3,4,4
3474,09-05-2023,3,1,2
3475,25-01-2023,4,3,4
3476,03-03-2023,5,5,3
3477,05-12-2022,1,2,1
3478,29-11-2022,3,4,1
3479,03-11-2022,4,4,4
3480,25-07-2023,1,5,3
3481,02-03-2023,5,2,4
3482,22-10-2022,4,5,5
3483,23-10-2022,1,4,5
3484,16-09-2022,1,2,4
3485,07-05-2023,2,1,3
3486,27-08-2022,3,1,1
3487,23-09-2022,5,4,1
3488,11-03-2023,1,5,1
3489,03-12-2022,2,4,5
3490,12-10-2022,5,3,2
3491,10-09-2022,3,4,5
3492,13-01-2023,1,5,5
3493,02-04-2023,3,1,5
3494,15-12-2022,1,2,1
3495,08-09-2022,4,3,5
3496,26-12-2022,1,3,2
3497,18-09-2022,2,3,4
3498,19-06-2023,3,3,4
3499,21-07-2023,5,3,5
3500,14-05-2023,4,1,4
3501,20-02-2023,2,3,4
3502,24-04-2023,5,3,5
3503,28-01-2023,5,2,3
3504,20-04-2023,3,4,3
3505,10-11-2022,4,3,2
3506,27-06-2023,2,2,3
3507,31-03-2023,2,5,2
3508,17-04-2023,1,5,4
3509,03-12-2022,4,5,2
3510,22-08-2022,2,4,3
3511,11-05-2023,5,4,5
3512,20-02-2023,5,1,3
3513,11-05-2023,4,1,3
3514,25-08-2022,2,1,1
3515,03-07-2023,3,5,5
3516,15-11-2022,2,3,5
3517,01-01-2023,4,1,1
3518,13-05-2023,4,2,5
3519,10-06-2023,1,3,4
3520,17-09-2022,5,1,1
3521,19-09-2022,1,3,3
3522,14-07-2023,1,5,4
3523,27-02-2023,3,2,3
3524,19-05-2023,3,2,4
3525,01-02-2023,1,2,1
3526,28-01-2023,1,5,3
3527,27-02-2023,1,3,2
3528,27-05-2023,5,2,2
3529,15-07-2023,2,3,4
3530,27-11-2022,1,2,5
3531,24-02-2023,2,4,4
3532,08-10-2022,2,2,5
3533,08-01-2023,2,5,2
3534,14-04-2023,4,3,2
3535,01-11-2022,1,5,1
3536,09-10-2022,1,2,4
3537,09-09-2022,4,2,5
3538,20-04-2023,1,5,4
3539,06-02-2023,3,3,4
3540,25-06-2023,2,2,3
3541,28-11-2022,1,3,3
3542,18-10-2022,2,3,4
3543,11-02-2023,4,5,5
3544,14-09-2022,3,5,3
3545,27-05-2023,2,5,2
3546,10-05-2023,2,5,5
3547,24-12-2022,2,4,2
3548,06-10-2022,5,5,3
3549,19-04-2023,1,4,1
3550,23-01-2023,3,5,4
3551,03-06-2023,4,4,3
3552,14-10-2022,3,4,2
3553,30-10-2022,4,2,4
3554,07-06-2023,2,1,2
3555,13-01-2023,2,5,1
3556,11-06-2023,2,2,3
3557,20-04-2023,4,5,2
3558,05-10-2022,2,5,3
3559,27-12-2022,3,2,1
3560,09-01-2023,2,4,5
3561,20-11-2022,2,1,5
3562,27-11-2022,2,1,3
3563,31-01-2023,4,1,3
3564,12-03-2023,4,4,3
3565,29-09-2022,5,5,5
3566,27-01-2023,1,2,3
3567,04-08-2023,2,3,2
3568,07-02-2023,2,4,1
3569,24-12-2022,1,3,5
3570,02-01-2023,2,5,3
3571,23-11-2022,4,1,5
3572,05-12-2022,5,5,5
3573,31-12-2022,4,1,1
3574,07-07-2023,3,3,3
3575,26-06-2023,5,1,5
3576,23-03-2023,2,3,3
3577,14-08-2022,5,4,5
3578,14-10-2022,1,4,2
3579,27-04-2023,5,3,3
3580,21-10-2022,2,4,3
3581,29-08-2022,3,4,4
3582,17-09-2022,2,2,5
3583,05-07-2023,4,1,4
3584,28-05-2023,2,2,5
3585,12-01-2023,1,2,3
3586,31-01-2023,4,2,4
3587,24-05-2023,1,2,2
3588,10-05-2023,4,2,1
3589,18-09-2022,2,3,2
3590,06-12-2022,2,5,4
3591,27-07-2023,2,1,4
3592,15-11-2022,4,1,2
3593,07-10-2022,4,4,3
3594,23-01-2023,1,5,1
3595,19-01-2023,2,3,1
3596,19-10-2022,4,3,4
3597,27-10-2022,5,4,4
3598,01-07-2023,2,5,4
3599,02-03-2023,4,4,2
3600,04-07-2023,2,1,4
3601,01-09-2022,1,1,2
3602,04-08-2023,3,3,3
3603,08-10-2022,5,1,3
3604,15-12-2022,3,5,4
3605,09-07-2023,5,1,3
3606,27-03-2023,3,5,1
3607,18-07-2023,2,4,1
3608,12-01-2023,1,3,1
3609,05-11-2022,2,2,4
3610,14-12-2022,4,5,5
3611,16-09-2022,2,3,4
3612,07-07-2023,5,3,3
3613,13-10-2022,1,5,2
3614,04-07-2023,4,5,1
3615,06-02-2023,3,1,4
3616,04-08-2023,1,1,1
3617,26-02-2023,2,3,3
3618,06-12-2022,3,4,5
3619,30-04-2023,1,5,2
3620,29-08-2022,1,2,2
3621,23-06-2023,2,3,2
3622,26-07-2023,3,1,5
3623,04-12-2022,2,2,5
3624,09-01-2023,2,2,2
3625,28-08-2022,5,2,4
3626,24-02-2023,2,5,1
3627,29-01-2023,1,1,4
3628,27-05-2023,4,3,1
3629,18-11-2022,2,4,4
3630,19-10-2022,5,3,2
3631,10-02-2023,4,1,5
3632,27-02-2023,3,4,5
3633,04-11-2022,4,4,4
3634,25-06-2023,2,5,2
3635,07-10-2022,1,5,4
3636,08-12-2022,3,5,3
3637,07-05-2023,2,1,3
3638,15-05-2023,4,5,1
3639,17-03-2023,3,2,3
3640,25-07-2023,2,1,2
3641,07-11-2022,2,5,4
3642,08-10-2022,4,1,2
3643,18-06-2023,1,5,3
3644,11-11-2022,4,4,4
3645,08-06-2023,1,3,3
3646,30-07-2023,5,4,4
3647,28-12-2022,2,4,4
3648,28-09-2022,3,3,5
3649,08-09-2022,1,2,2
3650,30-06-2023,3,2,4
3651,25-10-2022,1,4,1
3652,01-09-2022,1,5,2
3653,31-05-2023,4,4,3
3654,02-01-2023,2,4,1
3655,05-04-2023,1,5,1
3656,14-11-2022,5,3,2
3657,26-03-2023,4,2,4
3658,02-08-2023,5,4,2
3659,26-08-2022,3,1,5
3660,30-08-2022,3,2,4
3661,06-07-2023,3,2,5
3662,14-07-2023,3,5,3
3663,26-04-2023,2,3,4
3664,30-05-2023,5,3,2
3665,02-03-2023,5,2,1
3666,26-04-2023,5,2,1
3667,18-11-2022,1,1,2
3668,29-06-2023,1,5,1
3669,11-04-2023,4,2,4
3670,16-08-2022,2,2,3
3671,10-01-2023,3,4,5
3672,30-11-2022,3,2,4
3673,08-06-2023,3,3,1
3674,02-04-2023,4,4,3
3675,05-05-2023,5,3,2
3676,07-09-2022,3,4,1
3677,25-07-2023,3,5,5
3678,20-11-2022,3,4,4
3679,26-10-2022,4,2,5
3680,23-04-2023,3,2,3
3681,13-08-2022,5,2,5
3682,30-07-2023,3,3,3
3683,25-10-2022,2,1,5
3684,16-04-2023,5,5,3
3685,03-01-2023,4,3,4
3686,03-01-2023,3,3,1
3687,02-09-2022,2,4,5
3688,02-12-2022,4,4,4
3689,17-08-2022,4,4,3
3690,31-05-2023,4,3,5
3691,07-12-2022,1,1,5
3692,17-02-2023,4,5,3
3693,09-04-2023,3,1,1
3694,20-03-2023,3,3,5
3695,28-08-2022,1,1,4
3696,01-12-2022,2,1,2
3697,20-07-2023,3,4,1
3698,19-01-2023,2,5,4
3699,21-06-2023,2,4,3
3700,18-01-2023,4,1,1
3701,10-06-2023,4,1,4
3702,24-02-2023,2,4,1
3703,02-06-2023,5,5,5
3704,07-07-2023,2,4,5
3705,25-05-2023,3,1,4
3706,17-07-2023,2,1,4
3707,24-03-2023,3,2,4
3708,21-08-2022,5,5,2
3709,08-05-2023,3,5,3
3710,28-02-2023,5,5,3
3711,14-12-2022,4,3,3
3712,25-01-2023,2,3,1
3713,30-10-2022,3,4,1
3714,21-07-2023,3,5,2
3715,20-05-2023,1,1,4
3716,19-11-2022,5,3,3
3717,01-01-2023,4,1,3
3718,05-10-2022,1,1,3
3719,27-11-2022,1,2,1
3720,15-05-2023,2,1,5
3721,07-02-2023,5,4,5
3722,01-06-2023,1,5,5
3723,18-06-2023,2,1,4
3724,04-02-2023,1,2,5
3725,17-05-2023,4,3,3
3726,01-10-2022,1,4,1
3727,11-10-2022,1,2,5
3728,18-04-2023,5,1,2
3729,19-03-2023,4,5,3
3730,20-02-2023,4,5,5
3731,11-04-2023,2,4,1
3732,12-12-2022,3,4,4
3733,05-08-2023,1,3,5
3734,31-07-2023,4,5,2
3735,03-02-2023,4,4,4
3736,14-09-2022,3,1,3
3737,09-09-2022,2,5,1
3738,19-09-2022,3,3,5
3739,23-05-2023,1,3,4
3740,23-06-2023,2,2,4
3741,01-09-2022,2,5,4
3742,07-01-2023,2,1,1
3743,11-08-2022,2,1,3
3744,05-09-2022,4,3,2
3745,13-01-2023,5,4,4
3746,06-11-2022,2,1,5
3747,26-04-2023,2,5,5
3748,18-11-2022,4,1,3
3749,01-04-2023,1,3,3
3750,07-12-2022,4,1,5
3751,05-04-2023,1,1,4
3752,04-08-2023,3,1,5
3753,23-02-2023,1,3,2
3754,23-04-2023,3,3,5
3755,11-07-2023,5,4,2
3756,23-11-2022,1,5,3
3757,24-07-2023,4,4,5
3758,04-10-2022,2,1,1
3759,28-11-2022,3,4,1
3760,28-10-2022,4,3,1
3761,30-05-2023,2,4,1
3762,06-08-2022,2,1,1
3763,09-07-2023,3,2,5
3764,11-07-2023,2,1,5
3765,02-01-2023,1,1,2
3766,12-05-2023,4,4,5
3767,09-07-2023,2,5,3
3768,27-01-2023,2,4,1
3769,25-09-2022,3,5,3
3770,06-05-2023,1,3,3
3771,25-09-2022,2,2,4
3772,10-09-2022,2,5,1
3773,16-10-2022,1,5,2
3774,11-04-2023,5,3,1
3775,15-04-2023,2,1,3
3776,13-12-2022,4,1,5
3777,28-10-2022,4,3,2
3778,06-02-2023,1,5,3
3779,18-06-2023,4,1,1
3780,21-05-2023,2,3,2
3781,09-08-2022,5,3,1
3782,19-07-2023,1,5,1
3783,07-03-2023,3,4,3
3784,04-03-2023,3,3,2
3785,05-05-2023,3,2,2
3786,29-12-2022,3,4,2
3787,06-03-2023,1,2,1
3788,05-05-2023,3,4,2
3789,25-09-2022,3,1,4
3790,31-07-2023,3,2,1
3791,07-09-2022,4,1,1
3792,25-09-2022,2,2,2
3793,15-05-2023,2,3,3
3794,05-12-2022,1,1,3
3795,29-09-2022,4,3,2
3796,28-06-2023,1,5,2
3797,03-09-2022,3,4,2
3798,08-11-2022,1,1,1
3799,24-12-2022,3,1,3
3800,08-12-2022,5,3,5
3801,27-11-2022,2,1,4
3802,09-01-2023,3,3,5
3803,07-12-2022,1,2,5
3804,07-03-2023,3,2,2
3805,31-12-2022,2,5,2
3806,13-03-2023,4,1,5
3807,17-08-2022,4,5,4
3808,27-01-2023,5,4,4
3809,04-09-2022,3,1,5
3810,22-12-2022,3,3,1
3811,18-05-2023,1,1,1
3812,11-01-2023,3,3,1
3813,06-06-2023,2,3,4
3814,08-07-2023,4,1,2
3815,23-02-2023,1,5,3
3816,26-12-2022,1,1,5
3817,24-06-2023,3,3,1
3818,28-01-2023,1,1,3
3819,01-07-2023,4,1,1
3820,26-07-2023,1,3,4
3821,05-12-2022,5,4,4
3822,23-03-2023,4,4,5
3823,16-11-2022,5,4,1
3824,13-02-2023,4,4,5
3825,22-12-2022,4,4,2
3826,17-11-2022,2,1,3
3827,25-12-2022,3,3,4
3828,21-02-2023,2,5,1
3829,30-10-2022,3,2,1
3830,28-12-2022,1,1,3
3831,19-05-2023,3,2,5
3832,03-11-2022,1,4,5
3833,04-02-2023,3,5,2
3834,25-01-2023,3,5,5
3835,01-10-2022,5,3,1
3836,04-03-2023,2,3,5
3837,15-10-2022,5,3,1
3838,05-12-2022,1,1,2
3839,04-04-2023,3,3,4
3840,03-02-2023,1,5,4
3841,18-05-2023,5,4,4
3842,31-07-2023,2,5,5
3843,16-11-2022,3,5,5
3844,01-02-2023,3,2,5
3845,05-08-2023,4,5,3
3846,27-01-2023,4,5,1
3847,04-10-2022,5,3,1
3848,02-10-2022,5,1,4
3849,07-09-2022,3,3,1
3850,15-10-2022,1,3,5
3851,27-08-2022,5,2,1
3852,30-05-2023,5,2,4
3853,04-02-2023,1,3,3
3854,18-07-2023,5,2,5
3855,24-04-2023,5,3,4
3856,17-01-2023,5,1,4
3857,18-09-2022,1,1,2
3858,07-05-2023,3,3,1
3859,02-08-2023,1,2,5
3860,26-06-2023,2,4,3
3861,19-07-2023,3,1,5
3862,08-01-2023,3,1,3
3863,23-11-2022,4,2,1
3864,11-11-2022,3,4,2
3865,26-05-2023,1,4,3
3866,16-09-2022,2,1,5
3867,31-10-2022,5,3,3
3868,16-09-2022,3,1,2
3869,07-01-2023,1,4,2
3870,13-02-2023,1,5,1
3871,15-07-2023,4,5,2
3872,15-08-2022,5,5,3
3873,25-03-2023,3,4,5
3874,01-10-2022,4,4,5
3875,02-02-2023,5,5,1
3876,07-11-2022,3,2,5
3877,30-06-2023,3,3,4
3878,23-02-2023,4,4,1
3879,22-12-2022,1,5,2
3880,18-09-2022,4,3,1
3881,20-10-2022,5,3,5
3882,19-09-2022,5,3,3
3883,13-03-2023,2,2,1
3884,30-07-2023,4,2,3
3885,30-07-2023,5,5,5
3886,30-08-2022,5,2,5
3887,04-11-2022,2,3,5
3888,02-05-2023,3,1,4
3889,26-01-2023,2,1,1
3890,24-10-2022,2,3,3
3891,06-07-2023,3,2,2
3892,11-07-2023,5,4,2
3893,26-01-2023,3,1,2
3894,14-08-2022,4,3,5
3895,16-07-2023,2,1,2
3896,14-02-2023,5,3,1
3897,28-02-2023,5,4,3
3898,04-11-2022,4,5,1
3899,04-02-2023,4,5,4
3900,09-03-2023,5,2,1
3901,10-07-2023,1,2,5
3902,02-02-2023,3,1,1
3903,04-02-2023,1,4,3
3904,13-09-2022,4,4,1
3905,12-06-2023,5,5,5
3906,18-01-2023,3,2,4
3907,07-03-2023,3,2,5
3908,25-12-2022,2,5,3
3909,18-05-2023,1,1,2
3910,29-11-2022,5,3,4
3911,06-06-2023,2,5,4
3912,23-07-2023,1,3,4
3913,15-09-2022,2,2,5
3914,15-03-2023,3,5,3
3915,01-02-2023,5,3,1
3916,22-03-2023,1,3,1
3917,24-09-2022,3,1,4
3918,30-05-2023,3,3,5
3919,02-05-2023,3,3,2
3920,14-11-2022,2,1,4
3921,30-06-2023,4,3,2
3922,15-02-2023,5,3,1
3923,27-10-2022,2,4,3
3924,07-11-2022,2,4,5
3925,27-04-2023,1,3,3
3926,15-07-2023,4,1,4
3927,04-05-2023,5,4,1
3928,04-01-2023,4,2,1
3929,28-10-2022,2,5,2
3930,06-05-2023,4,4,4
3931,30-09-2022,2,1,5
3932,23-06-2023,5,5,4
3933,27-03-2023,3,4,5
3934,07-04-2023,3,3,2
3935,05-04-2023,5,1,4
3936,25-03-2023,5,3,4
3937,21-11-2022,1,3,1
3938,16-12-2022,1,1,1
3939,09-01-2023,5,2,4
3940,25-12-2022,5,4,3
3941,26-01-2023,2,3,3
3942,02-02-2023,3,4,1
3943,06-08-2022,5,2,2
3944,26-02-2023,5,3,4
3945,03-01-2023,4,4,2
3946,23-07-2023,1,3,4
3947,28-07-2023,4,3,1
3948,10-03-2023,4,4,2
3949,22-04-2023,5,2,5
3950,18-10-2022,2,3,5
3951,01-04-2023,4,1,3
3952,13-12-2022,1,4,1
3953,16-03-2023,3,4,4
3954,18-06-2023,5,1,5
3955,10-06-2023,2,1,1
3956,26-09-2022,4,5,2
3957,07-06-2023,3,2,4
3958,10-04-2023,5,3,1
3959,30-06-2023,5,4,5
3960,14-07-2023,3,4,1
3961,20-11-2022,2,5,2
3962,30-05-2023,4,3,3
3963,28-07-2023,4,1,5
3964,28-03-2023,5,2,3
3965,08-06-2023,4,1,2
3966,03-10-2022,5,5,5
3967,05-01-2023,5,3,4
3968,14-12-2022,5,5,1
3969,09-08-2022,4,5,2
3970,14-01-2023,5,1,5
3971,23-03-2023,3,3,2
3972,29-10-2022,5,4,1
3973,17-08-2022,3,2,1
3974,04-04-2023,4,5,1
3975,27-11-2022,1,4,3
3976,25-04-2023,4,5,1
3977,06-01-2023,1,5,4
3978,04-09-2022,4,3,5
3979,09-12-2022,3,5,2
3980,03-10-2022,4,2,5
3981,31-10-2022,1,2,4
3982,09-10-2022,1,1,1
3983,03-12-2022,4,3,1
3984,24-02-2023,5,5,4
3985,28-09-2022,5,4,2
3986,08-10-2022,4,3,2
3987,22-12-2022,5,4,1
3988,20-05-2023,5,2,5
3989,26-04-2023,2,1,1
3990,27-08-2022,2,2,1
3991,11-10-2022,2,3,2
3992,14-07-2023,4,3,1
3993,16-10-2022,3,4,4
3994,14-02-2023,3,5,2
3995,05-01-2023,4,5,2
3996,14-04-2023,3,5,1
3997,10-09-2022,2,4,1
3998,22-02-2023,5,5,2
3999,02-10-2022,5,4,2
4000,21-04-2023,3,2,1
